Workbook

Sheet Cara Pengisian
A2: Sheet Berwarna Kuning Wajib Diisi dan Di update
A4: Untuk Sheet Tgl Maintenance untuk Kontrak
A5: 1. Update Data Pada Kolom G sesuai tanggal Maintenance Jika Sudah Pada kolom H di Tulis "Done" Agar tanggal Pada Komom M dapat Terupdate
A6: 2. Untuk Maintenance Ke 2 Bisa Di update Pada Kolom I dan pada Kolom J ditulis "Done" adar tanggal Pada Kolom M Terupdate
A7: 3. Untuk Maiantenace ke 3 Bisa Di update pada Kolom K Dika Sudah Pada Kolom L Di tulis "Done" Agar Pada Kolom M Terupdate
A9: Sheet Data Garansi
A10: 1. Di update Setiap Bulan dari Kolom B sd E Setiap Ada BAST
A11: 2. lalu update Kolom G tanggal pada saat ingin mengecek agar data I dapat Terupdate Garansi atau tidaknya
A12: 3. untuk Kolom F , H dan I Di Copy Paste Saja
A14: Data Counting Free
A15: 1. Data Di Kolom B sd E Di Update Setiap Ada BAST Khusus untuk Customer Baru Install dan memiliki Free Maintenance
A16: 2. Data Kolom G sd M Di update Setiap Ada Kunjungan
... A25: 2. Jika Kolom G sdh Dikunjungi pada Kolom H di update done agar Kolom m Terupdate tgl berikutnya

Sheet Main
A1: No | B1: Jenis Lift | C1: Code Lift | D1: Tgl BAST | F1: Nama Cust | G1: Area | H1: Free Maintenance | I1: Maintenance Kontrak | J1: Garansi atau Tidak | K1: Tgl Maintenance Free | L1: Tgl Maintenance Berjalan
A2: 1 | B2: Domo Flex | C2: 21/0670 | D2: 44201 | E2: =TEXT(L2,"mmm") -> May | F2: Ir. H. Awan Hermawan Purwadinata MT, Bandung | G2: Bandung | H2: =VLOOKUP(F2,'Counting Free'!$B:$F,4,0) -> 0 | I2: =VLOOKUP(F2,'Counting Kontrak'!B:E,4,0) -> 0 | J2: =VLOOKUP(F2,'Data Garansi'!$E:$I,5,0) -> Tidak | K2: =VLOOKUP(F2,'Tgl MC Free'!B:M,8,0) -> 45978 | L2: =VLOOKUP(F2,'Tgl Maintenance untuk Kontrak'!$D:$M,10,0) -> 45798 | M2: =TEXT(L2,"mmm") -> May
A3: 2 | B3: Galactic | C3: 21/0745 | D3: 44255 | E3: =TEXT(L3,"mmm") -> May | F3: Syamsuardi Alpat (Sudirman) | G3: Makasar | H3: =VLOOKUP(F3,'Counting Free'!$B:$F,4,0) -> 0 | I3: =VLOOKUP(F3,'Counting Kontrak'!B:E,4,0) -> 0 | J3: =VLOOKUP(F3,'Data Garansi'!$E:$I,5,0) -> Tidak | K3: =VLOOKUP(F3,'Tgl MC Free'!B:M,8,0) -> 45980 | L3: =VLOOKUP(F3,'Tgl Maintenance untuk Kontrak'!$D:$M,10,0) -> 45800 | M3: =TEXT(L3,"mmm") -> May
A4: 3 | B4: Domo Flex | C4: 21/0227 | D4: 44400 | F4: Hendra Dwi Kurniawan | G4: Jakarta Utara | H4: =VLOOKUP(F4,'Counting Free'!$B:$F,4,0) -> 2 | I4: =VLOOKUP(F4,'Counting Kontrak'!B:E,4,0) -> 0 | J4: =VLOOKUP(F4,'Data Garansi'!$E:$I,5,0) -> Tidak | K4: =VLOOKUP(F4,'Tgl MC Free'!B:M,8,0) -> 45790 | L4: =VLOOKUP(F4,'Tgl Maintenance untuk Kontrak'!$D:$M,10,0) -> 45610 | M4: =TEXT(L4,"mmm") -> Nov
A5: 4 | B5: Indomo Shaft | C5: 21/0258 | D5: 44428 | F5: CV Jawa Indah (Ibu Yuli), Samarinda, Kal-Tim | G5: Kalimantan Timur | H5: =VLOOKUP(F5,'Counting Free'!$B:$F,4,0) -> 1 | I5: =VLOOKUP(F5,'Counting Kontrak'!B:E,4,0) -> 0 | J5: =VLOOKUP(F5,'Data Garansi'!$E:$I,5,0) -> Tidak | K5: =VLOOKUP(F5,'Tgl MC Free'!B:M,8,0) -> 45536 | L5: =VLOOKUP(F5,'Tgl Maintenance untuk Kontrak'!$D:$M,10,0) -> 45356 | M5: =TEXT(L5,"mmm") -> Mar
A6: 5 | B6: Pve 37 midio | C6: PVE | D6: 44435 | E6: =TEXT(L6,"mmm") -> - | F6: PT. Yolita Plasinto Pratama ( Ida) | G6: Jakarta Utara | H6: =VLOOKUP(F6,'Counting Free'!$B:$F,4,0) -> 2 | I6: =VLOOKUP(F6,'Counting Kontrak'!B:E,4,0) -> 13 | J6: =VLOOKUP(F6,'Data Garansi'!$E:$I,5,0) -> Tidak | K6: =VLOOKUP(F6,'Tgl MC Free'!B:M,8,0) -> 46160 | L6: =VLOOKUP(F6,'Tgl Maintenance untuk Kontrak'!$D:$M,10,0) -> - | M6: =TEXT(L6,"mmm") -> -
A7: 6 | B7: Domo Flex | C7: 21/0455 | D7: 44474 | E7: =TEXT(L7,"mmm") -> Jun | F7: CV Pije Peter Cheryl (Andi) | G7: Jakarta Selatan | H7: =VLOOKUP(F7,'Counting Free'!$B:$F,4,0) -> 2 | I7: =VLOOKUP(F7,'Counting Kontrak'!B:E,4,0) -> 0 | J7: =VLOOKUP(F7,'Data Garansi'!$E:$I,5,0) -> Tidak | K7: =VLOOKUP(F7,'Tgl MC Free'!B:M,8,0) -> 46045 | L7: =VLOOKUP(F7,'Tgl Maintenance untuk Kontrak'!$D:$M,10,0) -> 46193 | M7: =TEXT(L7,"mmm") -> Jun
A8: 7 | B8: Domo Flex | C8: 21/0542 | D8: 44490 | E8: =TEXT(L8,"mmm") -> Jan | F8: Esther Indrawati | G8: Surabaya | H8: =VLOOKUP(F8,'Counting Free'!$B:$F,4,0) -> 2 | I8: =VLOOKUP(F8,'Counting Kontrak'!B:E,4,0) -> 0 | J8: =VLOOKUP(F8,'Data Garansi'!$E:$I,5,0) -> Tidak | K8: =VLOOKUP(F8,'Tgl MC Free'!B:M,8,0) -> 45859 | L8: =VLOOKUP(F8,'Tgl Maintenance untuk Kontrak'!$D:$M,10,0) -> 45679 | M8: =TEXT(L8,"mmm") -> Jan
A9: 8 | B9: Domo Flex | C9: 21/0375 | D9: 44517 | E9: =TEXT(L9,"mmm") -> May | F9: PT. Bertie Sukses Makmur (Andi) | G9: Jakarta Selatan | H9: =VLOOKUP(F9,'Counting Free'!$B:$F,4,0) -> 2 | I9: =VLOOKUP(F9,'Counting Kontrak'!B:E,4,0) -> 0 | J9: =VLOOKUP(F9,'Data Garansi'!$E:$I,5,0) -> Tidak | K9: =VLOOKUP(F9,'Tgl MC Free'!B:M,8,0) -> 46119 | L9: =VLOOKUP(F9,'Tgl Maintenance untuk Kontrak'!$D:$M,10,0) -> 46144 | M9: =TEXT(L9,"mmm") -> May
A10: 9 | B10: Domo Flex | C10: 21/0676 | D10: 44525 | E10: =TEXT(L10,"mmm") -> Oct | F10: Ir. Pudjo Prihadi Santoso | G10: Jakarta Selatan | H10: =VLOOKUP(F10,'Counting Free'!$B:$F,4,0) -> 2 | I10: =VLOOKUP(F10,'Counting Kontrak'!B:E,4,0) -> 0 | J10: =VLOOKUP(F10,'Data Garansi'!$E:$I,5,0) -> Tidak | K10: =VLOOKUP(F10,'Tgl MC Free'!B:M,8,0) -> 46160 | L10: =VLOOKUP(F10,'Tgl Maintenance untuk Kontrak'!$D:$M,10,0) -> 46301 | M10: =TEXT(L10,"mmm") -> Oct
A11: 10 | B11: Domo Flex | C11: 21/0599 | D11: 44539 | E11: =TEXT(L11,"mmm") -> Jun | F11: PT. Dwipar Loka Ayu (Aswin) | G11: Jakarta Selatan | H11: =VLOOKUP(F11,'Counting Free'!$B:$F,4,0) -> 0 | I11: =VLOOKUP(F11,'Counting Kontrak'!B:E,4,0) -> 0 | J11: =VLOOKUP(F11,'Data Garansi'!$E:$I,5,0) -> Tidak | K11: =VLOOKUP(F11,'Tgl MC Free'!B:M,8,0) -> 46158 | L11: =VLOOKUP(F11,'Tgl Maintenance untuk Kontrak'!$D:$M,10,0) -> 46546 | M11: =TEXT(L11,"mmm") -> Jun
A12: 11 | B12: Domo Flex | C12: 21/0638 | D12: 44540 | E12: =TEXT(L12,"mmm") -> Apr | F12: Jenny Lie | G12: Medan | H12: =VLOOKUP(F12,'Counting Free'!$B:$F,4,0) -> 0 | I12: =VLOOKUP(F12,'Counting Kontrak'!B:E,4,0) -> 0 | J12: =VLOOKUP(F12,'Data Garansi'!$E:$I,5,0) -> Tidak | K12: =VLOOKUP(F12,'Tgl MC Free'!B:M,8,0) -> 46096 | L12: =VLOOKUP(F12,'Tgl Maintenance untuk Kontrak'!$D:$M,10,0) -> 46127 | M12: =TEXT(L12,"mmm") -> Apr
A13: 12 | B13: Domo Flex | C13: 21/0538 | D13: 44542 | E13: =TEXT(L13,"mmm") -> Oct | F13: Herry Gunawan | G13: Jawa Timur | H13: =VLOOKUP(F13,'Counting Free'!$B:$F,4,0) -> 2 | I13: =VLOOKUP(F13,'Counting Kontrak'!B:E,4,0) -> 0 | J13: =VLOOKUP(F13,'Data Garansi'!$E:$I,5,0) -> Tidak | K13: =VLOOKUP(F13,'Tgl MC Free'!B:M,8,0) -> 46136 | L13: =VLOOKUP(F13,'Tgl Maintenance untuk Kontrak'!$D:$M,10,0) -> 45956 | M13: =TEXT(L13,"mmm") -> Oct
A14: 13 | B14: Domo Flex | C14: 21/0570 | D14: 44551 | E14: =TEXT(L14,"mmm") -> May | F14: Drg. Melanie Hendriaty | G14: Jakarta Selatan | H14: =VLOOKUP(F14,'Counting Free'!$B:$F,4,0) -> 2 | I14: =VLOOKUP(F14,'Counting Kontrak'!B:E,4,0) -> 0 | J14: =VLOOKUP(F14,'Data Garansi'!$E:$I,5,0) -> Tidak | K14: =VLOOKUP(F14,'Tgl MC Free'!B:M,8,0) -> 46154 | L14: =VLOOKUP(F14,'Tgl Maintenance untuk Kontrak'!$D:$M,10,0) -> 46514 | M14: =TEXT(L14,"mmm") -> May
A15: 14 | B15: Domo Flex | C15: 21/0256 | D15: 44557 | E15: =TEXT(L15,"mmm") -> Mar | F15: Iskandar | G15: Jakarta Utara | H15: =VLOOKUP(F15,'Counting Free'!$B:$F,4,0) -> #N/A | I15: =VLOOKUP(F15,'Counting Kontrak'!B:E,4,0) -> #N/A | J15: =VLOOKUP(F15,'Data Garansi'!$E:$I,5,0) -> Tidak | K15: =VLOOKUP(F15,'Tgl MC Free'!B:M,8,0) -> 45900 | L15: =VLOOKUP(F15,'Tgl Maintenance untuk Kontrak'!$D:$M,10,0) -> 45720 | M15: =TEXT(L15,"mmm") -> Mar
A16: 15 | B16: Indomo Cabin | C16: 21/0740 | D16: 44571 | E16: =TEXT(L16,"mmm") -> Jul | F16: Thakurdas Pursani W | G16: Jakarta Utara | H16: =VLOOKUP(F16,'Counting Free'!$B:$F,4,0) -> 0 | I16: =VLOOKUP(F16,'Counting Kontrak'!B:E,4,0) -> 0 | J16: =VLOOKUP(F16,'Data Garansi'!$E:$I,5,0) -> Tidak | K16: =VLOOKUP(F16,'Tgl MC Free'!B:M,8,0) -> 46097 | L16: =VLOOKUP(F16,'Tgl Maintenance untuk Kontrak'!$D:$M,10,0) -> 46222 | M16: =TEXT(L16,"mmm") -> Jul
A17: 16 | B17: Indomo Cabin | C17: 21/0743 | D17: 44582 | F17: PT. Barnaby Kontruksi Sejahtera (Hilda) | G17: Jakarta Selatan | H17: =VLOOKUP(F17,'Counting Free'!$B:$F,4,0) -> 0 | I17: =VLOOKUP(F17,'Counting Kontrak'!B:E,4,0) -> 0 | J17: =VLOOKUP(F17,'Data Garansi'!$E:$I,5,0) -> Tidak | K17: =VLOOKUP(F17,'Tgl MC Free'!B:M,8,0) -> 45339 | L17: =VLOOKUP(F17,'Tgl Maintenance untuk Kontrak'!$D:$M,10,0) -> 45159 | M17: =TEXT(L17,"mmm") -> Aug
A18: 17 | B18: Domo Flex | C18: 21/0791 | D18: 44600 | E18: =TEXT(L18,"mmm") -> Dec | F18: Andy Indrajaya, ST | G18: Tangerang | H18: =VLOOKUP(F18,'Counting Free'!$B:$F,4,0) -> 0 | I18: =VLOOKUP(F18,'Counting Kontrak'!B:E,4,0) -> 0 | J18: =VLOOKUP(F18,'Data Garansi'!$E:$I,5,0) -> Tidak | K18: =VLOOKUP(F18,'Tgl MC Free'!B:M,8,0) -> 46172 | L18: =VLOOKUP(F18,'Tgl Maintenance untuk Kontrak'!$D:$M,10,0) -> 45992 | M18: =TEXT(L18,"mmm") -> Dec
A19: 18 | B19: Indomo Shaft | C19: 21/0618 | D19: 44601 | F19: Fahmuddin Edy Hadi, Yogjakarta | G19: Yogyakarta | H19: =VLOOKUP(F19,'Counting Free'!$B:$F,4,0) -> 2 | I19: =VLOOKUP(F19,'Counting Kontrak'!B:E,4,0) -> 0 | J19: =VLOOKUP(F19,'Data Garansi'!$E:$I,5,0) -> Tidak | K19: =VLOOKUP(F19,'Tgl MC Free'!B:M,8,0) -> 45482 | L19: =VLOOKUP(F19,'Tgl Maintenance untuk Kontrak'!$D:$M,10,0) -> 45302 | M19: =TEXT(L19,"mmm") -> Jan
A20: 19 | B20: Domo Flex | C20: 21/0879 | D20: 44602 | E20: =TEXT(L20,"mmm") -> Dec | F20: Hasan Dali | G20: Jakarta Barat | H20: =VLOOKUP(F20,'Counting Free'!$B:$F,4,0) -> 2 | I20: =VLOOKUP(F20,'Counting Kontrak'!B:E,4,0) -> 0 | J20: =VLOOKUP(F20,'Data Garansi'!$E:$I,5,0) -> Tidak | K20: =VLOOKUP(F20,'Tgl MC Free'!B:M,8,0) -> 46005 | L20: =VLOOKUP(F20,'Tgl Maintenance untuk Kontrak'!$D:$M,10,0) -> 45645 | M20: =TEXT(L20,"mmm") -> Dec
A21: 20 | B21: Domo Flex | C21: 21/0374 | D21: 44610 | E21: =TEXT(L21,"mmm") -> Jan | F21: Frans Andreas | G21: Bandung | H21: =VLOOKUP(F21,'Counting Free'!$B:$F,4,0) -> 1 | I21: =VLOOKUP(F21,'Counting Kontrak'!B:E,4,0) -> 0 | J21: =VLOOKUP(F21,'Data Garansi'!$E:$I,5,0) -> Tidak | K21: =VLOOKUP(F21,'Tgl MC Free'!B:M,8,0) -> 45856 | L21: =VLOOKUP(F21,'Tgl Maintenance untuk Kontrak'!$D:$M,10,0) -> 45676 | M21: =TEXT(L21,"mmm") -> Jan
A22: 21 | B22: Klasik | C22: 21/0916 | D22: 44622 | E22: =TEXT(L22,"mmm") -> Mar | F22: Natalina Surjani .S | G22: Jawa Timur | H22: =VLOOKUP(F22,'Counting Free'!$B:$F,4,0) -> 0 | I22: =VLOOKUP(F22,'Counting Kontrak'!B:E,4,0) -> 0 | J22: =VLOOKUP(F22,'Data Garansi'!$E:$I,5,0) -> Tidak | K22: =VLOOKUP(F22,'Tgl MC Free'!B:M,8,0) -> 46034 | L22: =VLOOKUP(F22,'Tgl Maintenance untuk Kontrak'!$D:$M,10,0) -> 46084 | M22: =TEXT(L22,"mmm") -> Mar
A23: 22 | B23: Klasik | C23: 21/0901 | D23: 44622 | E23: =TEXT(L23,"mmm") -> Feb | F23: Yayasan Karya Kasih Mandiri (Sigit) | G23: Jakarta Selatan | H23: =VLOOKUP(F23,'Counting Free'!$B:$F,4,0) -> 0 | I23: =VLOOKUP(F23,'Counting Kontrak'!B:E,4,0) -> 0 | J23: =VLOOKUP(F23,'Data Garansi'!$E:$I,5,0) -> Tidak | K23: =VLOOKUP(F23,'Tgl MC Free'!B:M,8,0) -> 46077 | L23: =VLOOKUP(F23,'Tgl Maintenance untuk Kontrak'!$D:$M,10,0) -> 46060 | M23: =TEXT(L23,"mmm") -> Feb
A24: 23 | B24: Domo Flex | C24: 21/0257 | D24: 44624 | E24: =TEXT(L24,"mmm") -> Mar | F24: Iskandar | G24: Jakarta Utara | H24: =VLOOKUP(F24,'Counting Free'!$B:$F,4,0) -> #N/A | I24: =VLOOKUP(F24,'Counting Kontrak'!B:E,4,0) -> #N/A | J24: =VLOOKUP(F24,'Data Garansi'!$E:$I,5,0) -> Tidak | K24: =VLOOKUP(F24,'Tgl MC Free'!B:M,8,0) -> 45900 | L24: =VLOOKUP(F24,'Tgl Maintenance untuk Kontrak'!$D:$M,10,0) -> 45720 | M24: =TEXT(L24,"mmm") -> Mar
A25: 24 | B25: Indomo Shaft | C25: 21/0534 | D25: 44628 | F25: Mirza Budiman Diran | G25: Jakarta Selatan | H25: =VLOOKUP(F25,'Counting Free'!$B:$F,4,0) -> 2 | I25: =VLOOKUP(F25,'Counting Kontrak'!B:E,4,0) -> 0 | J25: =VLOOKUP(F25,'Data Garansi'!$E:$I,5,0) -> Tidak | K25: =VLOOKUP(F25,'Tgl MC Free'!B:M,8,0) -> 45662 | L25: =VLOOKUP(F25,'Tgl Maintenance untuk Kontrak'!$D:$M,10,0) -> 46242
A26: 25 | B26: Domo Flex | C26: 21/0858 | D26: 44629 | F26: PT. Esa Pratama (Hafzah) | G26: Makassar | H26: =VLOOKUP(F26,'Counting Free'!$B:$F,4,0) -> 0 | I26: =VLOOKUP(F26,'Counting Kontrak'!B:E,4,0) -> 0 | J26: =VLOOKUP(F26,'Data Garansi'!$E:$I,5,0) -> Tidak | K26: =VLOOKUP(F26,'Tgl MC Free'!B:M,8,0) -> 45734 | L26: =VLOOKUP(F26,'Tgl Maintenance untuk Kontrak'!$D:$M,10,0) -> 45554
A27: 26 | B27: Pve 37 midio | C27: 192 | D27: 44635 | F27: PT Sumberdaya Indonesia (Andi Yusuf - Mangga)( nur graha bun) | G27: Jakarta Selatan | H27: =VLOOKUP(F27,'Counting Free'!$B:$F,4,0) -> #N/A | I27: =VLOOKUP(F27,'Counting Kontrak'!B:E,4,0) -> #N/A | J27: =VLOOKUP(F27,'Data Garansi'!$E:$I,5,0) -> #N/A | K27: =VLOOKUP(F27,'Tgl MC Free'!B:M,8,0) -> #N/A | L27: =VLOOKUP(F27,'Tgl Maintenance untuk Kontrak'!$D:$M,10,0) -> 46163
A28: 27 | B28: Indomo Cabin | C28: 21/1066 | D28: 44639 | E28: =TEXT(L28,"mmm") -> Aug | F28: PT. Semesta Andesit Perkasa (Budi) - PT. Vicindo Jaya Makmur | G28: Jakarta Utara | H28: =VLOOKUP(F28,'Counting Free'!$B:$F,4,0) -> 0 | I28: =VLOOKUP(F28,'Counting Kontrak'!B:E,4,0) -> 0 | J28: =VLOOKUP(F28,'Data Garansi'!$E:$I,5,0) -> Tidak | K28: =VLOOKUP(F28,'Tgl MC Free'!B:M,8,0) -> 46160 | L28: =VLOOKUP(F28,'Tgl Maintenance untuk Kontrak'!$D:$M,10,0) -> 46235 | M28: =TEXT(L28,"mmm") -> Aug
A29: 28 | B29: Domo Flex | C29: 21/0903 | D29: 44644 | E29: =TEXT(L29,"mmm") -> Jun | F29: Yayasan Perkembangan Anak Indonesia | G29: Jakarta Selatan | H29: =VLOOKUP(F29,'Counting Free'!$B:$F,4,0) -> 0 | I29: =VLOOKUP(F29,'Counting Kontrak'!B:E,4,0) -> 0 | J29: =VLOOKUP(F29,'Data Garansi'!$E:$I,5,0) -> Tidak | K29: =VLOOKUP(F29,'Tgl MC Free'!B:M,8,0) -> 46192 | L29: =VLOOKUP(F29,'Tgl Maintenance untuk Kontrak'!$D:$M,10,0) -> 46545 | M29: =TEXT(L29,"mmm") -> Jun
A30: 29 | B30: Domo Flex | C30: 21/1081 | D30: 44653 | F30: Abednego Wibowo (Hartono) | G30: Jakarta Utara | H30: =VLOOKUP(F30,'Counting Free'!$B:$F,4,0) -> 0 | I30: =VLOOKUP(F30,'Counting Kontrak'!B:E,4,0) -> 0 | J30: =VLOOKUP(F30,'Data Garansi'!$E:$I,5,0) -> Tidak | K30: =VLOOKUP(F30,'Tgl MC Free'!B:M,8,0) -> 360 | L30: =VLOOKUP(F30,'Tgl Maintenance untuk Kontrak'!$D:$M,10,0) -> 46072
A31: 30 | B31: Klasik | C31: 21/0994 | D31: 44656 | E31: =TEXT(L31,"mmm") -> Aug | F31: M. Dodiek Tas'an Wartono | G31: Jawa Tengah | H31: =VLOOKUP(F31,'Counting Free'!$B:$F,4,0) -> 0 | I31: =VLOOKUP(F31,'Counting Kontrak'!B:E,4,0) -> 0 | J31: =VLOOKUP(F31,'Data Garansi'!$E:$I,5,0) -> Tidak | K31: =VLOOKUP(F31,'Tgl MC Free'!B:M,8,0) -> 46068 | L31: =VLOOKUP(F31,'Tgl Maintenance untuk Kontrak'!$D:$M,10,0) -> 45888 | M31: =TEXT(L31,"mmm") -> Aug
A32: 31 | B32: Indomo Cabin | C32: 21/0621 | D32: 44659 | F32: Dr. Ketut Ananda W. Sp. OG (Klinik Ananda, Sumba) | G32: NTT | H32: =VLOOKUP(F32,'Counting Free'!$B:$F,4,0) -> 0 | I32: =VLOOKUP(F32,'Counting Kontrak'!B:E,4,0) -> 0 | J32: =VLOOKUP(F32,'Data Garansi'!$E:$I,5,0) -> Tidak | K32: =VLOOKUP(F32,'Tgl MC Free'!B:M,8,0) -> 360 | L32: =VLOOKUP(F32,'Tgl Maintenance untuk Kontrak'!$D:$M,10,0) -> 180
A33: 32 | B33: Domo Flex 2 | C33: 21/0922 | D33: 44667 | F33: PT. Mitra Niaga Nusatama (Jelly) | G33: Jakarta Utara | H33: =VLOOKUP(F33,'Counting Free'!$B:$F,4,0) -> 0 | I33: =VLOOKUP(F33,'Counting Kontrak'!B:E,4,0) -> 0 | J33: =VLOOKUP(F33,'Data Garansi'!$E:$I,5,0) -> Tidak | K33: =VLOOKUP(F33,'Tgl MC Free'!B:M,8,0) -> 360 | L33: =VLOOKUP(F33,'Tgl Maintenance untuk Kontrak'!$D:$M,10,0) -> 46287
A34: 33 | B34: Pve 37 midio | C34: 191 | D34: 44668 | E34: =TEXT(L34,"mmm") -> Oct | F34: Rajulur Rakhman | G34: Jakarta Timur | H34: =VLOOKUP(F34,'Counting Free'!$B:$F,4,0) -> 0 | I34: =VLOOKUP(F34,'Counting Kontrak'!B:E,4,0) -> 0 | J34: =VLOOKUP(F34,'Data Garansi'!$E:$I,5,0) -> Tidak | K34: =VLOOKUP(F34,'Tgl MC Free'!B:M,8,0) -> 46125 | L34: =VLOOKUP(F34,'Tgl Maintenance untuk Kontrak'!$D:$M,10,0) -> 45945 | M34: =TEXT(L34,"mmm") -> Oct
A35: 34 | B35: Domo Flex | C35: 21/0857 | D35: 44669 | F35: PT. PT Duta Raya Cipta (Gulshan) | G35: Puncak | H35: =VLOOKUP(F35,'Counting Free'!$B:$F,4,0) -> 0 | I35: =VLOOKUP(F35,'Counting Kontrak'!B:E,4,0) -> 0 | J35: =VLOOKUP(F35,'Data Garansi'!$E:$I,5,0) -> Tidak | K35: =VLOOKUP(F35,'Tgl MC Free'!B:M,8,0) -> 45589 | L35: =VLOOKUP(F35,'Tgl Maintenance untuk Kontrak'!$D:$M,10,0) -> 46063
A36: 35 | B36: Domo Flex | C36: 21/0877 | D36: 44671 | E36: =TEXT(L36,"mmm") -> May | F36: PT. Multilabindo Wahana (Hidayat) | G36: Jakarta Timur | H36: =VLOOKUP(F36,'Counting Free'!$B:$F,4,0) -> 0 | I36: =VLOOKUP(F36,'Counting Kontrak'!B:E,4,0) -> 0 | J36: =VLOOKUP(F36,'Data Garansi'!$E:$I,5,0) -> Tidak | K36: =VLOOKUP(F36,'Tgl MC Free'!B:M,8,0) -> 45982 | L36: =VLOOKUP(F36,'Tgl Maintenance untuk Kontrak'!$D:$M,10,0) -> 45802 | M36: =TEXT(L36,"mmm") -> May
A37: 36 | B37: Pve 37 midio | C37: 188 | D37: 44674 | E37: =TEXT(L37,"mmm") -> Mar | F37: Linda Irawati, Surabaya | G37: Jawa Timur | H37: =VLOOKUP(F37,'Counting Free'!$B:$F,4,0) -> 0 | I37: =VLOOKUP(F37,'Counting Kontrak'!B:E,4,0) -> 0 | J37: =VLOOKUP(F37,'Data Garansi'!$E:$I,5,0) -> Tidak | K37: =VLOOKUP(F37,'Tgl MC Free'!B:M,8,0) -> 46011 | L37: =VLOOKUP(F37,'Tgl Maintenance untuk Kontrak'!$D:$M,10,0) -> 46097 | M37: =TEXT(L37,"mmm") -> Mar
A38: 37 | B38: Klasik | C38: 21/1068 | D38: 44679 | F38: Linda Tjahja (Rivai) | G38: Jakarta Utara | H38: =VLOOKUP(F38,'Counting Free'!$B:$F,4,0) -> 0 | I38: =VLOOKUP(F38,'Counting Kontrak'!B:E,4,0) -> 0 | J38: =VLOOKUP(F38,'Data Garansi'!$E:$I,5,0) -> Tidak | K38: =VLOOKUP(F38,'Tgl MC Free'!B:M,8,0) -> 45726 | L38: =VLOOKUP(F38,'Tgl Maintenance untuk Kontrak'!$D:$M,10,0) -> 45546
A39: 38 | B39: Indomo Shaft | C39: 21/0962 | D39: 44681 | E39: =TEXT(L39,"mmm") -> Feb | F39: PT. Dwi Tunggal Putra (Michael) | G39: Depok | H39: =VLOOKUP(F39,'Counting Free'!$B:$F,4,0) -> 0 | I39: =VLOOKUP(F39,'Counting Kontrak'!B:E,4,0) -> 0 | J39: =VLOOKUP(F39,'Data Garansi'!$E:$I,5,0) -> Tidak | K39: =VLOOKUP(F39,'Tgl MC Free'!B:M,8,0) -> 46243 | L39: =VLOOKUP(F39,'Tgl Maintenance untuk Kontrak'!$D:$M,10,0) -> 45698 | M39: =TEXT(L39,"mmm") -> Feb
A40: 39 | B40: Klasik | C40: 21/1147 | D40: 44681 | E40: =TEXT(L40,"mmm") -> May | F40: Djohan Surya Adinata | G40: Bandung | H40: =VLOOKUP(F40,'Counting Free'!$B:$F,4,0) -> 0 | I40: =VLOOKUP(F40,'Counting Kontrak'!B:E,4,0) -> 0 | J40: =VLOOKUP(F40,'Data Garansi'!$E:$I,5,0) -> Tidak | K40: =VLOOKUP(F40,'Tgl MC Free'!B:M,8,0) -> 46126 | L40: =VLOOKUP(F40,'Tgl Maintenance untuk Kontrak'!$D:$M,10,0) -> 46168 | M40: =TEXT(L40,"mmm") -> May
A41: 40 | B41: Galactic | C41: 21/0973 | D41: 44710 | E41: =TEXT(L41,"mmm") -> Feb | F41: Felix Claudius Djimin (Greysia/ PT Kreasi Bintang Anugerah) | G41: Jakarta Pusat | H41: =VLOOKUP(F41,'Counting Free'!$B:$F,4,0) -> 2 | I41: =VLOOKUP(F41,'Counting Kontrak'!B:E,4,0) -> 0 | J41: =VLOOKUP(F41,'Data Garansi'!$E:$I,5,0) -> Tidak | K41: =VLOOKUP(F41,'Tgl MC Free'!B:M,8,0) -> 45859 | L41: =VLOOKUP(F41,'Tgl Maintenance untuk Kontrak'!$D:$M,10,0) -> 46077 | M41: =TEXT(L41,"mmm") -> Feb
A42: 41 | B42: Domo Flex | C42: 21/0878 | D42: 44711 | E42: =TEXT(L42,"mmm") -> Feb | F42: Monica Irmawati Koswara | G42: Tangerang | H42: =VLOOKUP(F42,'Counting Free'!$B:$F,4,0) -> 0 | I42: =VLOOKUP(F42,'Counting Kontrak'!B:E,4,0) -> 0 | J42: =VLOOKUP(F42,'Data Garansi'!$E:$I,5,0) -> Tidak | K42: =VLOOKUP(F42,'Tgl MC Free'!B:M,8,0) -> 46055 | L42: =VLOOKUP(F42,'Tgl Maintenance untuk Kontrak'!$D:$M,10,0) -> 46074 | M42: =TEXT(L42,"mmm") -> Feb
A43: 42 | B43: Klasik | C43: 21/1208 | D43: 44713 | E43: =TEXT(L43,"mmm") -> Aug | F43: PT. Comfort Aire Aneka Teknik (Edy - Bintaro) | G43: Jakarta Selatan | H43: =VLOOKUP(F43,'Counting Free'!$B:$F,4,0) -> 0 | I43: =VLOOKUP(F43,'Counting Kontrak'!B:E,4,0) -> 0 | J43: =VLOOKUP(F43,'Data Garansi'!$E:$I,5,0) -> Tidak | K43: =VLOOKUP(F43,'Tgl MC Free'!B:M,8,0) -> 46069 | L43: =VLOOKUP(F43,'Tgl Maintenance untuk Kontrak'!$D:$M,10,0) -> 46256 | M43: =TEXT(L43,"mmm") -> Aug
A44: 43 | B44: Domo Flex | C44: 21/0885 | D44: 44722 | E44: =TEXT(L44,"mmm") -> Nov | F44: Farida Anwari | G44: Jawa Timur | H44: =VLOOKUP(F44,'Counting Free'!$B:$F,4,0) -> 0 | I44: =VLOOKUP(F44,'Counting Kontrak'!B:E,4,0) -> 0 | J44: =VLOOKUP(F44,'Data Garansi'!$E:$I,5,0) -> Tidak | K44: =VLOOKUP(F44,'Tgl MC Free'!B:M,8,0) -> 46143 | L44: =VLOOKUP(F44,'Tgl Maintenance untuk Kontrak'!$D:$M,10,0) -> 45963 | M44: =TEXT(L44,"mmm") -> Nov
A45: 44 | B45: Galactic | C45: 21/0973 | D45: 44730 | E45: =TEXT(L45,"mmm") -> Jan | F45: Jonatan Christie | G45: Jakarta Utara | H45: =VLOOKUP(F45,'Counting Free'!$B:$F,4,0) -> 0 | I45: =VLOOKUP(F45,'Counting Kontrak'!B:E,4,0) -> 0 | J45: =VLOOKUP(F45,'Data Garansi'!$E:$I,5,0) -> Tidak | K45: =VLOOKUP(F45,'Tgl MC Free'!B:M,8,0) -> 45859 | L45: =VLOOKUP(F45,'Tgl Maintenance untuk Kontrak'!$D:$M,10,0) -> 45679 | M45: =TEXT(L45,"mmm") -> Jan
A46: 45 | B46: Domo Flex | C46: 21/1072 | D46: 44730 | E46: =TEXT(L46,"mmm") -> Mar | F46: Ir. Tjahjono Tjandra | G46: Jakarta Utara | H46: =VLOOKUP(F46,'Counting Free'!$B:$F,4,0) -> 0 | I46: =VLOOKUP(F46,'Counting Kontrak'!B:E,4,0) -> 0 | J46: =VLOOKUP(F46,'Data Garansi'!$E:$I,5,0) -> Tidak | K46: =VLOOKUP(F46,'Tgl MC Free'!B:M,8,0) -> 46032 | L46: =VLOOKUP(F46,'Tgl Maintenance untuk Kontrak'!$D:$M,10,0) -> 46086 | M46: =TEXT(L46,"mmm") -> Mar
A47: 46 | B47: Domo Flex | C47: 21/1135 | D47: 44734 | F47: Johan Suhalim | G47: Jakarta Selatan | H47: =VLOOKUP(F47,'Counting Free'!$B:$F,4,0) -> 0 | I47: =VLOOKUP(F47,'Counting Kontrak'!B:E,4,0) -> 0 | J47: =VLOOKUP(F47,'Data Garansi'!$E:$I,5,0) -> Tidak | K47: =VLOOKUP(F47,'Tgl MC Free'!B:M,8,0) -> 45352 | L47: =VLOOKUP(F47,'Tgl Maintenance untuk Kontrak'!$D:$M,10,0) -> 45172
A48: 47 | B48: Klasik | C48: 21/1067 | D48: 44740 | E48: =TEXT(L48,"mmm") -> Jan | F48: Jessica Ronaldy Tjahja (Sumitra) | G48: Jakarta Utara | H48: =VLOOKUP(F48,'Counting Free'!$B:$F,4,0) -> 0 | I48: =VLOOKUP(F48,'Counting Kontrak'!B:E,4,0) -> 0 | J48: =VLOOKUP(F48,'Data Garansi'!$E:$I,5,0) -> Tidak | K48: =VLOOKUP(F48,'Tgl MC Free'!B:M,8,0) -> 46177 | L48: =VLOOKUP(F48,'Tgl Maintenance untuk Kontrak'!$D:$M,10,0) -> 46050 | M48: =TEXT(L48,"mmm") -> Jan
A49: 48 | B49: Stairfit | C49: 21/1120 | D49: 44740 | E49: =TEXT(L49,"mmm") -> Apr | F49: Taruna Wirano Lukman (Rully) | G49: Jakarta Barat | H49: =VLOOKUP(F49,'Counting Free'!$B:$F,4,0) -> 0 | I49: =VLOOKUP(F49,'Counting Kontrak'!B:E,4,0) -> 0 | J49: =VLOOKUP(F49,'Data Garansi'!$E:$I,5,0) -> Tidak | K49: =VLOOKUP(F49,'Tgl MC Free'!B:M,8,0) -> 46316 | L49: =VLOOKUP(F49,'Tgl Maintenance untuk Kontrak'!$D:$M,10,0) -> 45771 | M49: =TEXT(L49,"mmm") -> Apr
A50: 49 | B50: Indomo Cabin | C50: 21/0753 | D50: 44749 | E50: =TEXT(L50,"mmm") -> Dec | F50: Irawan Susanto | G50: Jakarta Barat | H50: =VLOOKUP(F50,'Counting Free'!$B:$F,4,0) -> 2 | I50: =VLOOKUP(F50,'Counting Kontrak'!B:E,4,0) -> 0 | J50: =VLOOKUP(F50,'Data Garansi'!$E:$I,5,0) -> Tidak | K50: =VLOOKUP(F50,'Tgl MC Free'!B:M,8,0) -> 45974 | L50: =VLOOKUP(F50,'Tgl Maintenance untuk Kontrak'!$D:$M,10,0) -> 46018 | M50: =TEXT(L50,"mmm") -> Dec
A51: 50 | B51: Domo Flex 2 | C51: 21/1313 | D51: 44753 | E51: =TEXT(L51,"mmm") -> Jan | F51: Lucas Tetardy | G51: Jakarta Utara | H51: =VLOOKUP(F51,'Counting Free'!$B:$F,4,0) -> 0 | I51: =VLOOKUP(F51,'Counting Kontrak'!B:E,4,0) -> 0 | J51: =VLOOKUP(F51,'Data Garansi'!$E:$I,5,0) -> Tidak | K51: =VLOOKUP(F51,'Tgl MC Free'!B:M,8,0) -> 45950 | L51: =VLOOKUP(F51,'Tgl Maintenance untuk Kontrak'!$D:$M,10,0) -> 46029 | M51: =TEXT(L51,"mmm") -> Jan
A52: 51 | B52: Domo Flex | C52: 21/1270 | D52: 44754 | F52: PT. Hanny Rancangbangun Abadi | G52: Jakarta Selatan | H52: =VLOOKUP(F52,'Counting Free'!$B:$F,4,0) -> 0 | I52: =VLOOKUP(F52,'Counting Kontrak'!B:E,4,0) -> 0 | J52: =VLOOKUP(F52,'Data Garansi'!$E:$I,5,0) -> Tidak | K52: =VLOOKUP(F52,'Tgl MC Free'!B:M,8,0) -> 360 | L52: =VLOOKUP(F52,'Tgl Maintenance untuk Kontrak'!$D:$M,10,0) -> 46071
A53: 52 | B53: Indomo | C53: 22/0071 | D53: 44757 | F53: PT. Jaya Konstruksi Manggala Pratama Tbk, | G53: Jakarta Pusat | H53: =VLOOKUP(F53,'Counting Free'!$B:$F,4,0) -> 0 | I53: =VLOOKUP(F53,'Counting Kontrak'!B:E,4,0) -> 0 | J53: =VLOOKUP(F53,'Data Garansi'!$E:$I,5,0) -> Tidak | K53: =VLOOKUP(F53,'Tgl MC Free'!B:M,8,0) -> 360 | L53: =VLOOKUP(F53,'Tgl Maintenance untuk Kontrak'!$D:$M,10,0) -> 180
A54: 53 | B54: Indomo Shaft | C54: 21/1271 | D54: 44764 | F54: Riswandi (Heri Riswandi)-Kalimantan Selatan | G54: Kalimantan Selatan | H54: =VLOOKUP(F54,'Counting Free'!$B:$F,4,0) -> 0 | I54: =VLOOKUP(F54,'Counting Kontrak'!B:E,4,0) -> 0 | J54: =VLOOKUP(F54,'Data Garansi'!$E:$I,5,0) -> Tidak | K54: =VLOOKUP(F54,'Tgl MC Free'!B:M,8,0) -> 360 | L54: =VLOOKUP(F54,'Tgl Maintenance untuk Kontrak'!$D:$M,10,0) -> 46050
A55: 54 | B55: Eco Flex | C55: 22/0008 | D55: 44764 | E55: =TEXT(L55,"mmm") -> Aug | F55: Finiantri Sari MSC (Rieke) | G55: Jakarta Selatan | H55: =VLOOKUP(F55,'Counting Free'!$B:$F,4,0) -> 0 | I55: =VLOOKUP(F55,'Counting Kontrak'!B:E,4,0) -> 0 | J55: =VLOOKUP(F55,'Data Garansi'!$E:$I,5,0) -> Tidak | K55: =VLOOKUP(F55,'Tgl MC Free'!B:M,8,0) -> 45878 | L55: =VLOOKUP(F55,'Tgl Maintenance untuk Kontrak'!$D:$M,10,0) -> 46264 | M55: =TEXT(L55,"mmm") -> Aug
A56: 320 | B56: Domo Flex 2 | C56: 2022/489 | D56: 44764 | E56: =TEXT(L56,"mmm") -> Jul | F56: Lucian Lewis | G56: Jakarta Utara | H56: =VLOOKUP(F56,'Counting Free'!$B:$F,4,0) -> 0 | I56: =VLOOKUP(F56,'Counting Kontrak'!B:E,4,0) -> 0 | J56: =VLOOKUP(F56,'Data Garansi'!$E:$I,5,0) -> Tidak | K56: =VLOOKUP(F56,'Tgl MC Free'!B:M,8,0) -> 46164 | L56: =VLOOKUP(F56,'Tgl Maintenance untuk Kontrak'!$D:$M,10,0) -> 46219 | M56: =TEXT(L56,"mmm") -> Jul
A57: 55 | B57: Indomo Cabin | C57: 21/1146 | D57: 44765 | F57: Aisyah Zaelani (Nur) | G57: Jakarta Selatan | H57: =VLOOKUP(F57,'Counting Free'!$B:$F,4,0) -> 0 | I57: =VLOOKUP(F57,'Counting Kontrak'!B:E,4,0) -> 0 | J57: =VLOOKUP(F57,'Data Garansi'!$E:$I,5,0) -> Tidak | K57: =VLOOKUP(F57,'Tgl MC Free'!B:M,8,0) -> 360 | L57: =VLOOKUP(F57,'Tgl Maintenance untuk Kontrak'!$D:$M,10,0) -> 45985
A58: 56 | B58: Domo Flex | C58: 21/1219 | D58: 44766 | E58: =TEXT(L58,"mmm") -> Aug | F58: Budi Surjono - Surabaya | G58: Surabaya | H58: =VLOOKUP(F58,'Counting Free'!$B:$F,4,0) -> 0 | I58: =VLOOKUP(F58,'Counting Kontrak'!B:E,4,0) -> 0 | J58: =VLOOKUP(F58,'Data Garansi'!$E:$I,5,0) -> Tidak | K58: =VLOOKUP(F58,'Tgl MC Free'!B:M,8,0) -> 46137 | L58: =VLOOKUP(F58,'Tgl Maintenance untuk Kontrak'!$D:$M,10,0) -> 46256 | M58: =TEXT(L58,"mmm") -> Aug
A59: 57 | B59: Galactic | C59: 21/0669 | D59: 44772 | E59: =TEXT(L59,"mmm") -> Jan | F59: Doddi Yoshida | G59: Jakarta Utara | H59: =VLOOKUP(F59,'Counting Free'!$B:$F,4,0) -> 0 | I59: =VLOOKUP(F59,'Counting Kontrak'!B:E,4,0) -> 0 | J59: =VLOOKUP(F59,'Data Garansi'!$E:$I,5,0) -> Tidak | K59: =VLOOKUP(F59,'Tgl MC Free'!B:M,8,0) -> 45972 | L59: =VLOOKUP(F59,'Tgl Maintenance untuk Kontrak'!$D:$M,10,0) -> 46033 | M59: =TEXT(L59,"mmm") -> Jan
A60: 58 | B60: Indomo Cabin | C60: 21/0812 | D60: 44776 | E60: =TEXT(L60,"mmm") -> May | F60: Jico Maradona | G60: Bekasi | H60: =VLOOKUP(F60,'Counting Free'!$B:$F,4,0) -> 0 | I60: =VLOOKUP(F60,'Counting Kontrak'!B:E,4,0) -> 0 | J60: =VLOOKUP(F60,'Data Garansi'!$E:$I,5,0) -> Tidak | K60: =VLOOKUP(F60,'Tgl MC Free'!B:M,8,0) -> 46352 | L60: =VLOOKUP(F60,'Tgl Maintenance untuk Kontrak'!$D:$M,10,0) -> 46172 | M60: =TEXT(L60,"mmm") -> May
A61: 59 | B61: Pve 37 midio | C61: 190 | D61: 44777 | F61: Sofian Atmadja Widjaja | G61: Jakarta Selatan | H61: =VLOOKUP(F61,'Counting Free'!$B:$F,4,0) -> 0 | I61: =VLOOKUP(F61,'Counting Kontrak'!B:E,4,0) -> 0 | J61: =VLOOKUP(F61,'Data Garansi'!$E:$I,5,0) -> Tidak | K61: =VLOOKUP(F61,'Tgl MC Free'!B:M,8,0) -> 45718 | L61: =VLOOKUP(F61,'Tgl Maintenance untuk Kontrak'!$D:$M,10,0) -> 45538
A62: 60 | B62: Pve 37 midio | C62: PVE | D62: 44781 | E62: =TEXT(L62,"mmm") -> May | F62: Howard Kasima | G62: Jakarta Utara | H62: =VLOOKUP(F62,'Counting Free'!$B:$F,4,0) -> 2 | I62: =VLOOKUP(F62,'Counting Kontrak'!B:E,4,0) -> 0 | J62: =VLOOKUP(F62,'Data Garansi'!$E:$I,5,0) -> Tidak | K62: =VLOOKUP(F62,'Tgl MC Free'!B:M,8,0) -> 45974 | L62: =VLOOKUP(F62,'Tgl Maintenance untuk Kontrak'!$D:$M,10,0) -> 45794 | M62: =TEXT(L62,"mmm") -> May
A63: 61 | B63: Pve 37 midio | C63: 22/97 | D63: 44781 | E63: =TEXT(L63,"mmm") -> May | F63: PT. Wahana Sejahtera Langgeng Makmur ( Howard) | G63: Jakarta Pusat | H63: =VLOOKUP(F63,'Counting Free'!$B:$F,4,0) -> 0 | I63: =VLOOKUP(F63,'Counting Kontrak'!B:E,4,0) -> 0 | J63: =VLOOKUP(F63,'Data Garansi'!$E:$I,5,0) -> Tidak | K63: =VLOOKUP(F63,'Tgl MC Free'!B:M,8,0) -> 45974 | L63: =VLOOKUP(F63,'Tgl Maintenance untuk Kontrak'!$D:$M,10,0) -> 45794 | M63: =TEXT(L63,"mmm") -> May
A64: 62 | B64: Domo Flex 2 | C64: 22/0074 | D64: 44785 | F64: Buyung, Surabaya | G64: Surabaya | H64: =VLOOKUP(F64,'Counting Free'!$B:$F,4,0) -> 0 | I64: =VLOOKUP(F64,'Counting Kontrak'!B:E,4,0) -> 0 | J64: =VLOOKUP(F64,'Data Garansi'!$E:$I,5,0) -> Tidak | K64: =VLOOKUP(F64,'Tgl MC Free'!B:M,8,0) -> 45669 | L64: =VLOOKUP(F64,'Tgl Maintenance untuk Kontrak'!$D:$M,10,0) -> 45489
A65: 63 | B65: Pve 30 minio | C65: 189 | D65: 44787 | E65: =TEXT(L65,"mmm") -> Dec | F65: Ary Indrajanto | G65: Salatiga | H65: =VLOOKUP(F65,'Counting Free'!$B:$F,4,0) -> 0 | I65: =VLOOKUP(F65,'Counting Kontrak'!B:E,4,0) -> 0 | J65: =VLOOKUP(F65,'Data Garansi'!$E:$I,5,0) -> Tidak | K65: =VLOOKUP(F65,'Tgl MC Free'!B:M,8,0) -> 46172 | L65: =VLOOKUP(F65,'Tgl Maintenance untuk Kontrak'!$D:$M,10,0) -> 45992 | M65: =TEXT(L65,"mmm") -> Dec
A66: 64 | B66: Domo Flex 2 | C66: 2022/214 | D66: 44797 | E66: =TEXT(L66,"mmm") -> Jan | F66: PT. Anugerah Aneka Industri (Surja) | G66: Jakarta Utara | H66: =VLOOKUP(F66,'Counting Free'!$B:$F,4,0) -> 0 | I66: =VLOOKUP(F66,'Counting Kontrak'!B:E,4,0) -> 0 | J66: =VLOOKUP(F66,'Data Garansi'!$E:$I,5,0) -> Tidak | K66: =VLOOKUP(F66,'Tgl MC Free'!B:M,8,0) -> 45901 | L66: =VLOOKUP(F66,'Tgl Maintenance untuk Kontrak'!$D:$M,10,0) -> 46051 | M66: =TEXT(L66,"mmm") -> Jan
A67: 65 | B67: Domo Flex | C67: 21/0886 | D67: 44803 | E67: =TEXT(L67,"mmm") -> Jan | F67: Junly Kodradjaya, Surabaya | G67: Surabaya | H67: =VLOOKUP(F67,'Counting Free'!$B:$F,4,0) -> 0 | I67: =VLOOKUP(F67,'Counting Kontrak'!B:E,4,0) -> 0 | J67: =VLOOKUP(F67,'Data Garansi'!$E:$I,5,0) -> Tidak | K67: =VLOOKUP(F67,'Tgl MC Free'!B:M,8,0) -> 46099 | L67: =VLOOKUP(F67,'Tgl Maintenance untuk Kontrak'!$D:$M,10,0) -> 46049 | M67: =TEXT(L67,"mmm") -> Jan
A68: 66 | B68: Domo Flex 2 | C68: 21/1226 | D68: 44807 | F68: Machzum Baisa | G68: Jakarta Selatan | H68: =VLOOKUP(F68,'Counting Free'!$B:$F,4,0) -> 0 | I68: =VLOOKUP(F68,'Counting Kontrak'!B:E,4,0) -> 0 | J68: =VLOOKUP(F68,'Data Garansi'!$E:$I,5,0) -> Tidak | K68: =VLOOKUP(F68,'Tgl MC Free'!B:M,8,0) -> 360 | L68: =VLOOKUP(F68,'Tgl Maintenance untuk Kontrak'!$D:$M,10,0) -> 180
A69: 67 | B69: Domo Flex 2 | C69: 2022/322 | D69: 44807 | F69: PT. Citra Sembilansatu ( Sahata Saolan Sirait) | G69: Jakarta Utara | H69: =VLOOKUP(F69,'Counting Free'!$B:$F,4,0) -> 0 | I69: =VLOOKUP(F69,'Counting Kontrak'!B:E,4,0) -> 0 | J69: =VLOOKUP(F69,'Data Garansi'!$E:$I,5,0) -> Tidak | K69: =VLOOKUP(F69,'Tgl MC Free'!B:M,8,0) -> 360 | L69: =VLOOKUP(F69,'Tgl Maintenance untuk Kontrak'!$D:$M,10,0) -> 45974
A70: 68 | B70: Klasik | C70: 22/856 | D70: 44818 | E70: =TEXT(L70,"mmm") -> Sep | F70: Peter Douglas Simpson | G70: Bali | H70: =VLOOKUP(F70,'Counting Free'!$B:$F,4,0) -> 0 | I70: =VLOOKUP(F70,'Counting Kontrak'!B:E,4,0) -> 0 | J70: =VLOOKUP(F70,'Data Garansi'!$E:$I,5,0) -> Tidak | K70: =VLOOKUP(F70,'Tgl MC Free'!B:M,8,0) -> 46169 | L70: =VLOOKUP(F70,'Tgl Maintenance untuk Kontrak'!$D:$M,10,0) -> 46266 | M70: =TEXT(L70,"mmm") -> Sep
A71: 69 | B71: Klasik | C71: 22/322 | D71: 44818 | F71: Heri Hariawan | G71: Bandung | H71: =VLOOKUP(F71,'Counting Free'!$B:$F,4,0) -> 0 | I71: =VLOOKUP(F71,'Counting Kontrak'!B:E,4,0) -> 0 | J71: =VLOOKUP(F71,'Data Garansi'!$E:$I,5,0) -> Tidak | K71: =VLOOKUP(F71,'Tgl MC Free'!B:M,8,0) -> 360 | L71: =VLOOKUP(F71,'Tgl Maintenance untuk Kontrak'!$D:$M,10,0) -> 180
A72: 70 | B72: Domo Flex | C72: 22/355 | D72: 44827 | F72: Suryani | G72: bali | H72: =VLOOKUP(F72,'Counting Free'!$B:$F,4,0) -> 2 | I72: =VLOOKUP(F72,'Counting Kontrak'!B:E,4,0) -> 0 | J72: =VLOOKUP(F72,'Data Garansi'!$E:$I,5,0) -> Tidak | K72: =VLOOKUP(F72,'Tgl MC Free'!B:M,8,0) -> 45809 | L72: =VLOOKUP(F72,'Tgl Maintenance untuk Kontrak'!$D:$M,10,0) -> 45629
A73: 71 | B73: Domo Flex 2 | C73: 21/1289 | D73: 44835 | E73: =TEXT(L73,"mmm") -> Mar | F73: Linda Irawati, Surabaya | G73: Jawa Timur | H73: =VLOOKUP(F73,'Counting Free'!$B:$F,4,0) -> 0 | I73: =VLOOKUP(F73,'Counting Kontrak'!B:E,4,0) -> 0 | J73: =VLOOKUP(F73,'Data Garansi'!$E:$I,5,0) -> Tidak | K73: =VLOOKUP(F73,'Tgl MC Free'!B:M,8,0) -> 46011 | L73: =VLOOKUP(F73,'Tgl Maintenance untuk Kontrak'!$D:$M,10,0) -> 46097 | M73: =TEXT(L73,"mmm") -> Mar
A74: 72 | B74: Domo Flex 2 | C74: 22/243 | D74: 44837 | E74: =TEXT(L74,"mmm") -> Mar | F74: PT. Borlindo Mandiri Jaya (Hermon) | G74: Makassar | H74: =VLOOKUP(F74,'Counting Free'!$B:$F,4,0) -> 0 | I74: =VLOOKUP(F74,'Counting Kontrak'!B:E,4,0) -> 0 | J74: =VLOOKUP(F74,'Data Garansi'!$E:$I,5,0) -> Tidak | K74: =VLOOKUP(F74,'Tgl MC Free'!B:M,8,0) -> 45983 | L74: =VLOOKUP(F74,'Tgl Maintenance untuk Kontrak'!$D:$M,10,0) -> 46110 | M74: =TEXT(L74,"mmm") -> Mar
A75: 73 | B75: Klasik | C75: 2022/387 | D75: 44838 | F75: Hendra Surjaputra | G75: Surabaya | H75: =VLOOKUP(F75,'Counting Free'!$B:$F,4,0) -> 0 | I75: =VLOOKUP(F75,'Counting Kontrak'!B:E,4,0) -> 0 | J75: =VLOOKUP(F75,'Data Garansi'!$E:$I,5,0) -> Tidak | K75: =VLOOKUP(F75,'Tgl MC Free'!B:M,8,0) -> 360 | L75: =VLOOKUP(F75,'Tgl Maintenance untuk Kontrak'!$D:$M,10,0) -> 46245
A76: 74 | B76: Domo Flex | C76: 22/0078 | D76: 44845 | F76: Kusnaeny Mardjoeki (Dini), Surabaya | G76: Surabaya | H76: =VLOOKUP(F76,'Counting Free'!$B:$F,4,0) -> 0 | I76: =VLOOKUP(F76,'Counting Kontrak'!B:E,4,0) -> 0 | J76: =VLOOKUP(F76,'Data Garansi'!$E:$I,5,0) -> Tidak | K76: =VLOOKUP(F76,'Tgl MC Free'!B:M,8,0) -> 45832 | L76: =VLOOKUP(F76,'Tgl Maintenance untuk Kontrak'!$D:$M,10,0) -> 46083
A77: 75 | B77: Indomo | C77: 2022/473 | D77: 44856 | E77: =TEXT(L77,"mmm") -> Jun | F77: Suwanlia | G77: Jakarta Barat | H77: =VLOOKUP(F77,'Counting Free'!$B:$F,4,0) -> 0 | I77: =VLOOKUP(F77,'Counting Kontrak'!B:E,4,0) -> 0 | J77: =VLOOKUP(F77,'Data Garansi'!$E:$I,5,0) -> Tidak | K77: =VLOOKUP(F77,'Tgl MC Free'!B:M,8,0) -> 46191 | L77: =VLOOKUP(F77,'Tgl Maintenance untuk Kontrak'!$D:$M,10,0) -> 46191 | M77: =TEXT(L77,"mmm") -> Jun
A78: 76 | B78: Galactic | C78: 2022/480 | D78: 44864 | E78: =TEXT(L78,"mmm") -> Feb | F78: Sukirman Sutrisno | G78: Jakarta Selatan | H78: =VLOOKUP(F78,'Counting Free'!$B:$F,4,0) -> 0 | I78: =VLOOKUP(F78,'Counting Kontrak'!B:E,4,0) -> 0 | J78: =VLOOKUP(F78,'Data Garansi'!$E:$I,5,0) -> Tidak | K78: =VLOOKUP(F78,'Tgl MC Free'!B:M,8,0) -> 46323 | L78: =VLOOKUP(F78,'Tgl Maintenance untuk Kontrak'!$D:$M,10,0) -> 46054 | M78: =TEXT(L78,"mmm") -> Feb
A79: 77 | B79: Indomo Shaft | C79: 2022/504 | D79: 44865 | E79: =TEXT(L79,"mmm") -> Apr | F79: Ir. Hardy Tanjaya | G79: Jakarta Barat | H79: =VLOOKUP(F79,'Counting Free'!$B:$F,4,0) -> 0 | I79: =VLOOKUP(F79,'Counting Kontrak'!B:E,4,0) -> 0 | J79: =VLOOKUP(F79,'Data Garansi'!$E:$I,5,0) -> Tidak | K79: =VLOOKUP(F79,'Tgl MC Free'!B:M,8,0) -> 45953 | L79: =VLOOKUP(F79,'Tgl Maintenance untuk Kontrak'!$D:$M,10,0) -> 45773 | M79: =TEXT(L79,"mmm") -> Apr
A80: 78 | B80: Klasik | C80: 22/385 | D80: 44872 | E80: =TEXT(L80,"mmm") -> May | F80: Yudi Prawira | G80: Jakarta Utara | H80: =VLOOKUP(F80,'Counting Free'!$B:$F,4,0) -> 0 | I80: =VLOOKUP(F80,'Counting Kontrak'!B:E,4,0) -> 0 | J80: =VLOOKUP(F80,'Data Garansi'!$E:$I,5,0) -> Tidak | K80: =VLOOKUP(F80,'Tgl MC Free'!B:M,8,0) -> 45985 | L80: =VLOOKUP(F80,'Tgl Maintenance untuk Kontrak'!$D:$M,10,0) -> 46168 | M80: =TEXT(L80,"mmm") -> May
A81: 79 | B81: Domo Flex 2 | C81: 2022/506 | D81: 44891 | F81: Lesly Irvan | G81: Jakarta Barat | H81: =VLOOKUP(F81,'Counting Free'!$B:$F,4,0) -> 0 | I81: =VLOOKUP(F81,'Counting Kontrak'!B:E,4,0) -> 0 | J81: =VLOOKUP(F81,'Data Garansi'!$E:$I,5,0) -> Tidak | K81: =VLOOKUP(F81,'Tgl MC Free'!B:M,8,0) -> 360 | L81: =VLOOKUP(F81,'Tgl Maintenance untuk Kontrak'!$D:$M,10,0) -> 0
A82: 80 | B82: DomoFlex 2 | C82: 2022/137 | D82: 44895 | F82: PT Fajar Mitra Krida Abadi - Pak Amir | G82: Jakarta Selatan | H82: =VLOOKUP(F82,'Counting Free'!$B:$F,4,0) -> 0 | I82: =VLOOKUP(F82,'Counting Kontrak'!B:E,4,0) -> 0 | J82: =VLOOKUP(F82,'Data Garansi'!$E:$I,5,0) -> Tidak | K82: =VLOOKUP(F82,'Tgl MC Free'!B:M,8,0) -> 360 | L82: =VLOOKUP(F82,'Tgl Maintenance untuk Kontrak'!$D:$M,10,0) -> 46054
A83: 81 | B83: Indomo Cabin | C83: 2022/605 | D83: 44896 | F83: Harry Yusuf | G83: Jakarta Selatan | H83: =VLOOKUP(F83,'Counting Free'!$B:$F,4,0) -> 0 | I83: =VLOOKUP(F83,'Counting Kontrak'!B:E,4,0) -> 0 | J83: =VLOOKUP(F83,'Data Garansi'!$E:$I,5,0) -> Tidak | K83: =VLOOKUP(F83,'Tgl MC Free'!B:M,8,0) -> 360 | L83: =VLOOKUP(F83,'Tgl Maintenance untuk Kontrak'!$D:$M,10,0) -> 0
A84: 82 | B84: Klasik | C84: 2022/558 | D84: 44912 | F84: Gereja bethany Indonesia (Davy Malada), Gresik | G84: Jawa Timur | H84: =VLOOKUP(F84,'Counting Free'!$B:$F,4,0) -> 0 | I84: =VLOOKUP(F84,'Counting Kontrak'!B:E,4,0) -> 0 | J84: =VLOOKUP(F84,'Data Garansi'!$E:$I,5,0) -> Tidak | K84: =VLOOKUP(F84,'Tgl MC Free'!B:M,8,0) -> 360 | L84: =VLOOKUP(F84,'Tgl Maintenance untuk Kontrak'!$D:$M,10,0) -> 46142
A85: 83 | B85: Domo Flex 2 | C85: 2022/598 | D85: 44937 | F85: Henny Medan | G85: Medan | H85: =VLOOKUP(F85,'Counting Free'!$B:$F,4,0) -> 0 | I85: =VLOOKUP(F85,'Counting Kontrak'!B:E,4,0) -> 0 | J85: =VLOOKUP(F85,'Data Garansi'!$E:$I,5,0) -> Tidak | K85: =VLOOKUP(F85,'Tgl MC Free'!B:M,8,0) -> 360 | L85: =VLOOKUP(F85,'Tgl Maintenance untuk Kontrak'!$D:$M,10,0) -> 46064
A86: 84 | B86: Eco Flex | C86: 2022/712 | D86: 44954 | F86: PT. Sri Buana Sumber Lestari ( Victor)-Surabaya | G86: Surabaya | H86: =VLOOKUP(F86,'Counting Free'!$B:$F,4,0) -> 0 | I86: =VLOOKUP(F86,'Counting Kontrak'!B:E,4,0) -> 0 | J86: =VLOOKUP(F86,'Data Garansi'!$E:$I,5,0) -> Tidak | K86: =VLOOKUP(F86,'Tgl MC Free'!B:M,8,0) -> 360 | L86: =VLOOKUP(F86,'Tgl Maintenance untuk Kontrak'!$D:$M,10,0) -> -
A87: 85 | B87: Eco Flex | C87: 2022/806 | D87: 44963 | F87: PT. Samudra Wiwaca Kusuma ( Indah) | G87: Jakarta Timur | H87: =VLOOKUP(F87,'Counting Free'!$B:$F,4,0) -> 0 | I87: =VLOOKUP(F87,'Counting Kontrak'!B:E,4,0) -> 0 | J87: =VLOOKUP(F87,'Data Garansi'!$E:$I,5,0) -> Tidak | K87: =VLOOKUP(F87,'Tgl MC Free'!B:M,8,0) -> 360 | L87: =VLOOKUP(F87,'Tgl Maintenance untuk Kontrak'!$D:$M,10,0) -> 0
A88: 86 | B88: DomoFlex Outdoor | C88: 2022/945 | D88: 44967 | F88: Mr. Sunata Tjiterosampurno | G88: Jakarta Selatan | H88: =VLOOKUP(F88,'Counting Free'!$B:$F,4,0) -> 0 | I88: =VLOOKUP(F88,'Counting Kontrak'!B:E,4,0) -> 0 | J88: =VLOOKUP(F88,'Data Garansi'!$E:$I,5,0) -> Tidak | K88: =VLOOKUP(F88,'Tgl MC Free'!B:M,8,0) -> 360 | L88: =VLOOKUP(F88,'Tgl Maintenance untuk Kontrak'!$D:$M,10,0) -> 46239
A89: 87 | B89: Klasik | C89: 2022/599 | D89: 44968 | F89: Junial | G89: Jakarta Selatan | H89: =VLOOKUP(F89,'Counting Free'!$B:$F,4,0) -> 0 | I89: =VLOOKUP(F89,'Counting Kontrak'!B:E,4,0) -> 0 | J89: =VLOOKUP(F89,'Data Garansi'!$E:$I,5,0) -> Tidak | K89: =VLOOKUP(F89,'Tgl MC Free'!B:M,8,0) -> 360 | L89: =VLOOKUP(F89,'Tgl Maintenance untuk Kontrak'!$D:$M,10,0) -> 0
A90: 88 | B90: Galactic -Indoor | C90: 2022/759 | D90: 44979 | E90: =TEXT(L90,"mmm") -> Jan | F90: Yanti Susanti | G90: Cibubur | H90: =VLOOKUP(F90,'Counting Free'!$B:$F,4,0) -> 0 | I90: =VLOOKUP(F90,'Counting Kontrak'!B:E,4,0) -> 0 | J90: =VLOOKUP(F90,'Data Garansi'!$E:$I,5,0) -> Tidak | K90: =VLOOKUP(F90,'Tgl MC Free'!B:M,8,0) -> 46091 | L90: =VLOOKUP(F90,'Tgl Maintenance untuk Kontrak'!$D:$M,10,0) -> 46039 | M90: =TEXT(L90,"mmm") -> Jan
A91: 89 | B91: DomoFlex 2 - Indoor | C91: 2022/749 | D91: 44979 | F91: PT. Golden Bird Metro (Kresna) | G91: Jakarta Selatan | H91: =VLOOKUP(F91,'Counting Free'!$B:$F,4,0) -> 0 | I91: =VLOOKUP(F91,'Counting Kontrak'!B:E,4,0) -> 0 | J91: =VLOOKUP(F91,'Data Garansi'!$E:$I,5,0) -> Tidak | K91: =VLOOKUP(F91,'Tgl MC Free'!B:M,8,0) -> 360 | L91: =VLOOKUP(F91,'Tgl Maintenance untuk Kontrak'!$D:$M,10,0) -> 46516
A92: 90 | B92: Klasik | C92: 2022/973 | D92: 44980 | F92: PT. Gemilang Abadi Santoso ( Unit1 ) | G92: Semarang | H92: =VLOOKUP(F92,'Counting Free'!$B:$F,4,0) -> 0 | I92: =VLOOKUP(F92,'Counting Kontrak'!B:E,4,0) -> 0 | J92: =VLOOKUP(F92,'Data Garansi'!$E:$I,5,0) -> Tidak | K92: =VLOOKUP(F92,'Tgl MC Free'!B:M,8,0) -> 360 | L92: =VLOOKUP(F92,'Tgl Maintenance untuk Kontrak'!$D:$M,10,0) -> 46144
A93: 91 | B93: Klasik | C93: 2022/974 | D93: 44980 | F93: PT. Gemilang Abadi Santoso ( Unit2 ) | G93: Semarang | H93: =VLOOKUP(F93,'Counting Free'!$B:$F,4,0) -> 0 | I93: =VLOOKUP(F93,'Counting Kontrak'!B:E,4,0) -> 0 | J93: =VLOOKUP(F93,'Data Garansi'!$E:$I,5,0) -> Tidak | K93: =VLOOKUP(F93,'Tgl MC Free'!B:M,8,0) -> 360 | L93: =VLOOKUP(F93,'Tgl Maintenance untuk Kontrak'!$D:$M,10,0) -> 46144
A94: 92 | B94: DomoFlex 2 | C94: 2022/591 | D94: 44985 | F94: Pramudya Winarta (PT Ritme Indah) | G94: Jakarta Barat | H94: =VLOOKUP(F94,'Counting Free'!$B:$F,4,0) -> 0 | I94: =VLOOKUP(F94,'Counting Kontrak'!B:E,4,0) -> 0 | J94: =VLOOKUP(F94,'Data Garansi'!$E:$I,5,0) -> Tidak | K94: =VLOOKUP(F94,'Tgl MC Free'!B:M,8,0) -> 360 | L94: =VLOOKUP(F94,'Tgl Maintenance untuk Kontrak'!$D:$M,10,0) -> 45897
A95: 93 | B95: Domo Flex | C95: 2022/479 | D95: 44993 | E95: =TEXT(L95,"mmm") -> - | F95: Suyendi | G95: Pekanbaru | H95: =VLOOKUP(F95,'Counting Free'!$B:$F,4,0) -> 0 | I95: =VLOOKUP(F95,'Counting Kontrak'!B:E,4,0) -> 0 | J95: =VLOOKUP(F95,'Data Garansi'!$E:$I,5,0) -> Tidak | K95: =VLOOKUP(F95,'Tgl MC Free'!B:M,8,0) -> 46160 | L95: =VLOOKUP(F95,'Tgl Maintenance untuk Kontrak'!$D:$M,10,0) -> - | M95: =TEXT(L95,"mmm") -> -
A96: 94 | B96: Klasik | C96: 21/1311 | D96: 45002 | E96: =TEXT(L96,"mmm") -> Mar | F96: Handoko Sutjitro Surabaya | G96: Surabaya | H96: =VLOOKUP(F96,'Counting Free'!$B:$F,4,0) -> 0 | I96: =VLOOKUP(F96,'Counting Kontrak'!B:E,4,0) -> 0 | J96: =VLOOKUP(F96,'Data Garansi'!$E:$I,5,0) -> Tidak | K96: =VLOOKUP(F96,'Tgl MC Free'!B:M,8,0) -> 46101 | L96: =VLOOKUP(F96,'Tgl Maintenance untuk Kontrak'!$D:$M,10,0) -> 46084 | M96: =TEXT(L96,"mmm") -> Mar
A97: 95 | B97: Stairlift | C97: Stairlift | D97: 45006 | F97: Then Kon Pin | G97: Jakarta Utara | H97: =VLOOKUP(F97,'Counting Free'!$B:$F,4,0) -> 0 | I97: =VLOOKUP(F97,'Counting Kontrak'!B:E,4,0) -> 0 | J97: =VLOOKUP(F97,'Data Garansi'!$E:$I,5,0) -> Tidak | K97: =VLOOKUP(F97,'Tgl MC Free'!B:M,8,0) -> 360 | L97: =VLOOKUP(F97,'Tgl Maintenance untuk Kontrak'!$D:$M,10,0) -> 46273
A98: 96 | B98: DomoFlex 2 - Indoor | C98: 2022/822 | D98: 45015 | F98: CV. Crown Hotel-Kalimantan Utara | G98: Kalimantan Utara | H98: =VLOOKUP(F98,'Counting Free'!$B:$F,4,0) -> 0 | I98: =VLOOKUP(F98,'Counting Kontrak'!B:E,4,0) -> 0 | J98: =VLOOKUP(F98,'Data Garansi'!$E:$I,5,0) -> Tidak | K98: =VLOOKUP(F98,'Tgl MC Free'!B:M,8,0) -> 360 | L98: =VLOOKUP(F98,'Tgl Maintenance untuk Kontrak'!$D:$M,10,0) -> 46026
A99: 97 | B99: Eco Flex | C99: 2022/946 | D99: 45015 | F99: Mr. Daniel Halim | G99: Bekasi | H99: =VLOOKUP(F99,'Counting Free'!$B:$F,4,0) -> 0 | I99: =VLOOKUP(F99,'Counting Kontrak'!B:E,4,0) -> 0 | J99: =VLOOKUP(F99,'Data Garansi'!$E:$I,5,0) -> Tidak | K99: =VLOOKUP(F99,'Tgl MC Free'!B:M,8,0) -> 360 | L99: =VLOOKUP(F99,'Tgl Maintenance untuk Kontrak'!$D:$M,10,0) -> 46063
A100: 98 | B100: Indomo - Cabin Only | C100: 2022/764 | D100: 45016 | F100: PT. Harimas Tunggal Perkasa (Haryanto) | G100: Puncak | H100: =VLOOKUP(F100,'Counting Free'!$B:$F,4,0) -> 0 | I100: =VLOOKUP(F100,'Counting Kontrak'!B:E,4,0) -> 0 | J100: =VLOOKUP(F100,'Data Garansi'!$E:$I,5,0) -> Tidak | K100: =VLOOKUP(F100,'Tgl MC Free'!B:M,8,0) -> 360 | L100: =VLOOKUP(F100,'Tgl Maintenance untuk Kontrak'!$D:$M,10,0) -> 0
...

Sheet Main Data Kunjungan
A1: No | B1: Nama Cust | C1: Free Kunjungan | D1: Kontrak Maintenance | E1: Kunjungan Berjalan | F1: Sisa Kunjungan
A2: 1 | B2: Ir. H. Awan Hermawan Purwadinata MT, Bandung | C2: =SUMIF('Counting Free'!B:B,'Main Data Kunjungan'!B2,'Counting Kontrak'!E:E) -> 0 | D2: =SUMIF('Counting Kontrak'!$B:$B,'Main Data Kunjungan'!B2,'Counting Kontrak'!$C:$C) -> 0 | E2: =SUMIF('Counting Kontrak'!$F:$F,B2,'Counting Kontrak'!$G:$G) -> 0 | F2: =C2+D2-E2 -> 0
A3: 2 | B3: Syamsuardi Alpat (Sudirman) | C3: =SUMIF('Counting Free'!B:B,'Main Data Kunjungan'!B3,'Counting Kontrak'!E:E) -> 0 | D3: =SUMIF('Counting Kontrak'!$B:$B,'Main Data Kunjungan'!B3,'Counting Kontrak'!$C:$C) -> 0 | E3: =SUMIF('Counting Kontrak'!$F:$F,B3,'Counting Kontrak'!$G:$G) -> 0 | F3: =C3+D3-E3 -> 0
A4: 3 | B4: Hendra Dwi Kurniawan | C4: =SUMIF('Counting Free'!B:B,'Main Data Kunjungan'!B4,'Counting Kontrak'!E:E) -> 0 | D4: =SUMIF('Counting Kontrak'!$B:$B,'Main Data Kunjungan'!B4,'Counting Kontrak'!$C:$C) -> 0 | E4: =SUMIF('Counting Kontrak'!$F:$F,B4,'Counting Kontrak'!$G:$G) -> 0 | F4: =C4+D4-E4 -> 0
A5: 4 | B5: CV Jawa Indah (Ibu Yuli), Samarinda, Kal-Tim | C5: =SUMIF('Counting Free'!B:B,'Main Data Kunjungan'!B5,'Counting Kontrak'!E:E) -> 0 | D5: =SUMIF('Counting Kontrak'!$B:$B,'Main Data Kunjungan'!B5,'Counting Kontrak'!$C:$C) -> 0 | E5: =SUMIF('Counting Kontrak'!$F:$F,B5,'Counting Kontrak'!$G:$G) -> 0 | F5: =C5+D5-E5 -> 0
A6: 5 | B6: PT. Yolita Plasinto Pratama ( Ida) | C6: =SUMIF('Counting Free'!B:B,'Main Data Kunjungan'!B6,'Counting Free'!F:F) -> 0 | D6: =SUMIF('Counting Kontrak'!$B:$B,'Main Data Kunjungan'!B6,'Counting Kontrak'!$C:$C) -> 14 | E6: =SUMIF('Counting Kontrak'!$F:$F,B6,'Counting Kontrak'!$G:$G) -> 1 | F6: =C6+D6-E6 -> 13
A7: 6 | B7: CV Pije Peter Cheryl (Andi) | C7: =SUMIF('Counting Free'!B:B,'Main Data Kunjungan'!B7,'Counting Kontrak'!E:E) -> 0 | D7: =SUMIF('Counting Kontrak'!$B:$B,'Main Data Kunjungan'!B7,'Counting Kontrak'!$C:$C) -> 0 | E7: =SUMIF('Counting Kontrak'!$F:$F,B7,'Counting Kontrak'!$G:$G) -> 0 | F7: =C7+D7-E7 -> 0
A8: 7 | B8: Esther Indrawati | C8: =SUMIF('Counting Free'!B:B,'Main Data Kunjungan'!B8,'Counting Kontrak'!E:E) -> 0 | D8: =SUMIF('Counting Kontrak'!$B:$B,'Main Data Kunjungan'!B8,'Counting Kontrak'!$C:$C) -> 0 | E8: =SUMIF('Counting Kontrak'!$F:$F,B8,'Counting Kontrak'!$G:$G) -> 0 | F8: =C8+D8-E8 -> 0
A9: 8 | B9: PT. Bertie Sukses Makmur (Andi) | C9: =SUMIF('Counting Free'!B:B,'Main Data Kunjungan'!B9,'Counting Kontrak'!E:E) -> 0 | D9: =SUMIF('Counting Kontrak'!$B:$B,'Main Data Kunjungan'!B9,'Counting Kontrak'!$C:$C) -> 0 | E9: =SUMIF('Counting Kontrak'!$F:$F,B9,'Counting Kontrak'!$G:$G) -> 0 | F9: =C9+D9-E9 -> 0
A10: 9 | B10: Ir. Pudjo Prihadi Santoso | C10: =SUMIF('Counting Free'!B:B,'Main Data Kunjungan'!B10,'Counting Kontrak'!E:E) -> 0 | D10: =SUMIF('Counting Kontrak'!$B:$B,'Main Data Kunjungan'!B10,'Counting Kontrak'!$C:$C) -> 0 | E10: =SUMIF('Counting Kontrak'!$F:$F,B10,'Counting Kontrak'!$G:$G) -> 0 | F10: =C10+D10-E10 -> 0
A11: 10 | B11: PT. Dwipar Loka Ayu (Aswin) | C11: =SUMIF('Counting Free'!B:B,'Main Data Kunjungan'!B11,'Counting Kontrak'!E:E) -> 0 | D11: =SUMIF('Counting Kontrak'!$B:$B,'Main Data Kunjungan'!B11,'Counting Kontrak'!$C:$C) -> 0 | E11: =SUMIF('Counting Kontrak'!$F:$F,B11,'Counting Kontrak'!$G:$G) -> 0 | F11: =C11+D11-E11 -> 0
A12: 11 | B12: Jenny Lie | C12: =SUMIF('Counting Free'!B:B,'Main Data Kunjungan'!B12,'Counting Kontrak'!E:E) -> 0 | D12: =SUMIF('Counting Kontrak'!$B:$B,'Main Data Kunjungan'!B12,'Counting Kontrak'!$C:$C) -> 0 | E12: =SUMIF('Counting Kontrak'!$F:$F,B12,'Counting Kontrak'!$G:$G) -> 0 | F12: =C12+D12-E12 -> 0
A13: 12 | B13: Herry Gunawan | C13: =SUMIF('Counting Free'!B:B,'Main Data Kunjungan'!B13,'Counting Kontrak'!E:E) -> 0 | D13: =SUMIF('Counting Kontrak'!$B:$B,'Main Data Kunjungan'!B13,'Counting Kontrak'!$C:$C) -> 0 | E13: =SUMIF('Counting Kontrak'!$F:$F,B13,'Counting Kontrak'!$G:$G) -> 0 | F13: =C13+D13-E13 -> 0
A14: 13 | B14: Drg. Melanie Hendriaty | C14: =SUMIF('Counting Free'!B:B,'Main Data Kunjungan'!B14,'Counting Kontrak'!E:E) -> 0 | D14: =SUMIF('Counting Kontrak'!$B:$B,'Main Data Kunjungan'!B14,'Counting Kontrak'!$C:$C) -> 0 | E14: =SUMIF('Counting Kontrak'!$F:$F,B14,'Counting Kontrak'!$G:$G) -> 0 | F14: =C14+D14-E14 -> 0
A15: 14 | B15: Iskandar | C15: =SUMIF('Counting Free'!B:B,'Main Data Kunjungan'!B15,'Counting Kontrak'!E:E) -> 0 | D15: =SUMIF('Counting Kontrak'!$B:$B,'Main Data Kunjungan'!B15,'Counting Kontrak'!$C:$C) -> 0 | E15: =SUMIF('Counting Kontrak'!$F:$F,B15,'Counting Kontrak'!$G:$G) -> 0 | F15: =C15+D15-E15 -> 0
A16: 15 | B16: Thakurdas Pursani W | C16: =SUMIF('Counting Free'!B:B,'Main Data Kunjungan'!B16,'Counting Kontrak'!E:E) -> 0 | D16: =SUMIF('Counting Kontrak'!$B:$B,'Main Data Kunjungan'!B16,'Counting Kontrak'!$C:$C) -> 0 | E16: =SUMIF('Counting Kontrak'!$F:$F,B16,'Counting Kontrak'!$G:$G) -> 0 | F16: =C16+D16-E16 -> 0
A17: 16 | B17: PT. Barnaby Kontruksi Sejahtera (Hilda) | C17: =SUMIF('Counting Free'!B:B,'Main Data Kunjungan'!B17,'Counting Kontrak'!E:E) -> 0 | D17: =SUMIF('Counting Kontrak'!$B:$B,'Main Data Kunjungan'!B17,'Counting Kontrak'!$C:$C) -> 0 | E17: =SUMIF('Counting Kontrak'!$F:$F,B17,'Counting Kontrak'!$G:$G) -> 0 | F17: =C17+D17-E17 -> 0
A18: 17 | B18: Andy Indrajaya, ST | C18: =SUMIF('Counting Free'!B:B,'Main Data Kunjungan'!B18,'Counting Kontrak'!E:E) -> 0 | D18: =SUMIF('Counting Kontrak'!$B:$B,'Main Data Kunjungan'!B18,'Counting Kontrak'!$C:$C) -> 0 | E18: =SUMIF('Counting Kontrak'!$F:$F,B18,'Counting Kontrak'!$G:$G) -> 0 | F18: =C18+D18-E18 -> 0
... A322: 321 | B322: Stefanus Yulianto (Evan Malang) | C322: =SUMIF('Counting Free'!B:B,'Main Data Kunjungan'!B322,'Counting Kontrak'!E:E) -> 0 | D322: =SUMIF('Counting Kontrak'!$B:$B,'Main Data Kunjungan'!B322,'Counting Kontrak'!$C:$C) -> 0 | E322: =SUMIF('Counting Kontrak'!$F:$F,B322,'Counting Kontrak'!$G:$G) -> 0 | F322: =C322+D322-E322 -> 0
A323: 322 | B323: Joseph utamin (Vera) | C323: =SUMIF('Counting Free'!B:B,'Main Data Kunjungan'!B323,'Counting Kontrak'!E:E) -> 0
A324: 323 | B324: Janne Idris | C324: =SUMIF('Counting Free'!B:B,'Main Data Kunjungan'!B324,'Counting Kontrak'!E:E) -> 0
A325: 324 | B325: Robin Zulkarnain ( robin sentul ) | C325: =SUMIF('Counting Free'!B:B,'Main Data Kunjungan'!B325,'Counting Kontrak'!E:E) -> 0
A326: 325 | B326: Hendra Suwardi | C326: =SUMIF('Counting Free'!B:B,'Main Data Kunjungan'!B326,'Counting Kontrak'!E:E) -> 0
A327: 326 | B327: Subagia Handaja | C327: =SUMIF('Counting Free'!B:B,'Main Data Kunjungan'!B327,'Counting Kontrak'!E:E) -> 0
A328: 327 | B328: Martin Budiman | C328: =SUMIF('Counting Free'!B:B,'Main Data Kunjungan'!B328,'Counting Kontrak'!E:E) -> 0
A329: 328 | B329: Etty Totong | C329: =SUMIF('Counting Free'!B:B,'Main Data Kunjungan'!B329,'Counting Kontrak'!E:E) -> 0
A330: 329 | B330: Fery Godzali | C330: =SUMIF('Counting Free'!B:B,'Main Data Kunjungan'!B330,'Counting Kontrak'!E:E) -> 0
A331: 330 | B331: Charly alam sutera | C331: =SUMIF('Counting Free'!B:B,'Main Data Kunjungan'!B331,'Counting Kontrak'!E:E) -> 0
A332: 331 | B332: Oen Malang | C332: =SUMIF('Counting Free'!B:B,'Main Data Kunjungan'!B332,'Counting Kontrak'!E:E) -> 0
A333: 332 | B333: PT Bintan lagoon resort | C333: =SUMIF('Counting Free'!B:B,'Main Data Kunjungan'!B333,'Counting Kontrak'!E:E) -> 0
A334: 333 | B334: Budhi Bekasi | C334: =SUMIF('Counting Free'!B:B,'Main Data Kunjungan'!B334,'Counting Kontrak'!E:E) -> 0
... A356: 355 | B356: Azis | C356: =SUMIF('Counting Free'!B:B,'Main Data Kunjungan'!B356,'Counting Kontrak'!E:E) -> 0

Sheet Tgl Maintenance untuk Kontrak
A1: No | B1: Jenis Lift | C1: Code Lift | D1: Nama Cust | E1: Alamat | F1: Area | G1: Tgl Maintenance 1 | H1: Status | I1: Tgl Maintenance Ke - 2 | J1: Status | K1: Tgl Maintenance ke -3 | L1: Status | M1: Maintenance Berjalan | O1: 180 | P1: 120
A2: 311 | B2: Stairlift | C2: UP-004959 | D2: Febby | E2: #N/A | F2: Jakarta Selatan | G2: 45783 | H2: done | I2: 45923 | J2: Done | K2: =I2+$O$1 -> 46103 | M2: =IF(H2="Done",IF(J2="Done",IF(L2="Done","-",K2),I2),G2) -> 46103
A3: 309 | B3: Swift Lite | D3: Grace Sintjie Soegiarto | E3: Jl. Mutiara I no. 43, Permata Hijau, Jakarta Selatan | F3: Jakarta Selatan | G3: 45782 | H3: done | I3: 45939 | J3: Service | K3: 46126 | L3: Sevice | M3: =IF(H3="Done",IF(J3="Done",IF(L3="Done","-",K3),I3),G3) -> 45939
A4: 314 | B4: Swift Lite | C4: SW113048 | D4: Firman Rusli | E4: #N/A | F4: Jakarta Barat | G4: 45800 | H4: done | I4: 45946 | J4: Done | K4: =I4+$O$1 -> 46126 | M4: =IF(H4="Done",IF(J4="Done",IF(L4="Done","-",K4),I4),G4) -> 46126
A5: 315 | B5: Swift Pro | C5: SW112895 | D5: DRS. Ricky Irawan | E5: Riverpark GF.1 No.16, Bintaro Jaya Sektor 8, Pondok Jaya, Pondok Aren, Tangerang Selatan | F5: Jakarta Selatan | G5: 45801 | H5: done | I5: 45968 | J5: Done | K5: =I5+$O$1 -> 46148 | M5: =IF(H5="Done",IF(J5="Done",IF(L5="Done","-",K5),I5),G5) -> 46148
A6: 301 | B6: Swift Lite | C6: SW112686 | D6: Burhanudin (Ebdesk Teknologi- Muhammad Iqbal) | E6: #N/A | F6: Jakarta Selatan | G6: 45737 | H6: done | I6: 45901 | J6: Done | K6: =I6+$O$1 -> 46081 | M6: =IF(H6="Done",IF(J6="Done",IF(L6="Done","-",K6),I6),G6) -> 46081
A7: 318 | B7: Swift Pro | C7: SW112680 | D7: PT. PRIAMANAYA ENERGI (Rasyad) | E7: #N/A | F7: Jakarta Pusat | G7: 45805 | H7: done | I7: 45958 | J7: main 1 | K7: =I7+$O$1 -> 46138 | M7: =IF(H7="Done",IF(J7="Done",IF(L7="Done","-",K7),I7),G7) -> 45958
A8: 296 | B8: Swift Lite | C8: SW112370 | D8: Clara Fransisca Darniaty | E8: #N/A | F8: Sentul | G8: 45715 | H8: done | I8: 45903 | J8: Done | K8: =I8+$O$1 -> 46083 | M8: =IF(H8="Done",IF(J8="Done",IF(L8="Done","-",K8),I8),G8) -> 46083
A9: 299 | B9: Swift Pro | C9: SW112229 | D9: Jacobus Irawan | E9: #N/A | F9: Jakarta Selatan | G9: 45733 | H9: done | I9: 45931 | J9: Done | K9: =I9+$O$1 -> 46111 | M9: =IF(H9="Done",IF(J9="Done",IF(L9="Done","-",K9),I9),G9) -> 46111
A10: 289 | B10: Swift Lite | C10: SW111988 | D10: CV Ozone Friendly (Johansen Ngian) | E10: Taman Resort Medieterania 29/3 PIK | F10: Jakarta Utara | G10: 45862 | H10: done | I10: 46032 | J10: Done | K10: =I10+$O$1 -> 46212 | M10: =IF(H10="Done",IF(J10="Done",IF(L10="Done","-",K10),I10),G10) -> 46212
A11: 286 | B11: Swift Lite | C11: SW111717 | D11: Indra Usmansjah Bakrie | E11: Jl. Mega Kuningan Timur No.88 Kuningan, Jaksel | F11: Jakarta Selatan | G11: 45832 | H11: done | I11: 45989 | J11: Done | K11: =I11+$O$1 -> 46169 | M11: =IF(H11="Done",IF(J11="Done",IF(L11="Done","-",K11),I11),G11) -> 46169
A12: 272 | B12: Swift Lite | C12: SW111445 | D12: Goey Sioe Giok (Bpk Astan) Sunter | E12: Jl. Agung Perkasa XII Blok J 13 No 18 | F12: Jakarta Utara | G12: 45840 | H12: done | I12: 46093 | J12: Done | K12: =I12+$O$1 -> 46273 | M12: =IF(H12="Done",IF(J12="Done",IF(L12="Done","-",K12),I12),G12) -> 46273
A13: 295 | B13: Swift Pro | C13: SW111197 | D13: Hargono, Drs-Banjarmasin | E13: #N/A | F13: kalimantan tengah | G13: 45715 | H13: done | I13: 45960 | J13: Done | K13: =I13+$O$1 -> 46140 | M13: =IF(H13="Done",IF(J13="Done",IF(L13="Done","-",K13),I13),G13) -> 46140
A14: 306 | B14: Swift Lite | C14: SW111110 | D14: Lo Herry | E14: Jl. Kintamani 2 No. 30 RT 003 RW 007, Kelapa Gading Barat, Jakarta | F14: Jakarta Utara | G14: 45762 | H14: done | I14: 45888 | J14: Done | K14: =I14+$O$1 -> 46068 | M14: =IF(H14="Done",IF(J14="Done",IF(L14="Done","-",K14),I14),G14) -> 46068
A15: 280 | B15: Swift Pro | C15: SW111072 | D15: Janni BSD | E15: Jl. Tiara Utara II No.32, Cihuni, Kec. Pagedangan, Kabupaten Tangerang, Banten 15332 | F15: Tangerang | G15: 45842 | H15: Done | I15: 45980 | J15: Done | K15: =I15+$O$1 -> 46160 | M15: =IF(H15="Done",IF(J15="Done",IF(L15="Done","-",K15),I15),G15) -> 46160
A16: 278 | B16: Swift Lite | C16: SW110975 | D16: Yulianah Yulianah - Julius | E16: Cluster Mozart Selatan V No. 01 Gading Serpong | F16: Tangerang | G16: 45811 | H16: done | I16: 45896 | J16: Done | K16: =I16+$O$1 -> 46076 | M16: =IF(H16="Done",IF(J16="Done",IF(L16="Done","-",K16),I16),G16) -> 46076
A17: 287 | B17: Swift Lite | C17: SW110925 | D17: Elsye Augustina Lie | E17: Wisata Bukit Mas I/ A 17 Kel lidah wetan kec lakarsantri Surabaya | F17: Surabaya | G17: 45807 | H17: done | I17: 45917 | J17: service 9/1 | K17: 46134 | L17: Done | M17: =IF(H17="Done",IF(J17="Done",IF(L17="Done","-",K17),I17),G17) -> 45917
A18: 285 | B18: Swift Lite | C18: SW110912 | D18: Tutiawati Subagio | E18: Jl Taman Ratu Indaha Block CC 1 No.18, Jakarta Barat | F18: Jakarta Barat | G18: 45794 | H18: done | I18: 45960 | J18: Done | K18: =I18+$O$1 -> 46140 | M18: =IF(H18="Done",IF(J18="Done",IF(L18="Done","-",K18),I18),G18) -> 46140
A19: 298 | B19: Swift Lite | C19: SW110460 | D19: Esmaldiansyah | E19: Jl. Niaga Hijau II No. 32 Jakarta Selatan | F19: Jakarta Selatan | G19: 45733 | H19: done | I19: 45887 | J19: done | K19: =I19+$O$1 -> 46067 | M19: =IF(H19="Done",IF(J19="Done",IF(L19="Done","-",K19),I19),G19) -> 46067
A20: 282 | B20: Swift Lite | C20: SW110357 | D20: Priska | E20: Jl. Pluit Putri I No.11, Jakarta Utara | F20: Jakarta Utara | G20: 45754 | H20: done | I20: 45941 | J20: Done | K20: =I20+$O$1 -> 46121 | M20: =IF(H20="Done",IF(J20="Done",IF(L20="Done","-",K20),I20),G20) -> 46121
A21: 265 | B21: Swift Pro | C21: SW110356 | D21: PT. Hatsonsurya Electric (Hariyanto)-Surabaya | E21: #N/A | F21: Surabaya | G21: 45904 | H21: Done | I21: =G21+$O$1 -> 46084 | K21: =I21+$O$1 -> 46264 | M21: =IF(H21="Done",IF(J21="Done",IF(L21="Done","-",K21),I21),G21) -> 46084
A22: 274 | B22: Swift Lite | C22: SW110337 | D22: PT. Karya Akbar Mandiri (Anggia) | E22: Jl. Darmawangsa Raya No. 8 Jakarta Selatan. Titik map: Blume Orchid (Rumah Sebrangny) | F22: Jakarta Selatan | G22: 45829 | H22: done | I22: 45980 | J22: Done | K22: =I22+$O$1 -> 46160 | M22: =IF(H22="Done",IF(J22="Done",IF(L22="Done","-",K22),I22),G22) -> 46160
A23: 307 | B23: Swift Lite | C23: SW110266 | D23: Linas - Bandung | E23: Jl. Gajah no.18, Bandung | F23: Bandung | G23: 45766 | H23: done | I23: 45987 | J23: Done | K23: =I23+$O$1 -> 46167 | M23: =IF(H23="Done",IF(J23="Done",IF(L23="Done","-",K23),I23),G23) -> 46167
A24: 271 | B24: Swift Lite | C24: SW109596 | D24: PT. Gagah Putera Satria-Dharma | E24: Jl Wijaya Kusuma No.9, Jatipulo, Palmerah, Jakarta Barat | F24: Jakarta Barat | G24: 45817 | H24: done | I24: 45989 | J24: Done | K24: =I24+$O$1 -> 46169 | M24: =IF(H24="Done",IF(J24="Done",IF(L24="Done","-",K24),I24),G24) -> 46169
A25: 273 | B25: Swift Lite | C25: SW109439 | D25: PT. Nindya Karya (IKN) | E25: 0 | F25: IKN | G25: 45813 | H25: done | I25: 46034 | J25: Done | K25: =I25+$O$1 -> 46214 | M25: =IF(H25="Done",IF(J25="Done",IF(L25="Done","-",K25),I25),G25) -> 46214
A26: 252 | B26: Swift Lite | C26: SW109291 | D26: Dr. Eddy Widodo | E26: Jl. Biak No.28, RT.3/RW.6, Cideng, Kecamatan Gambir, Kota Jakarta Pusat, Daerah Khusus Ibukota Jakarta 10150 | F26: Jakarta Pusat | G26: 45848 | H26: done | I26: 46029 | J26: Done | K26: =I26+$O$1 -> 46209 | M26: =IF(H26="Done",IF(J26="Done",IF(L26="Done","-",K26),I26),G26) -> 46209
A27: 267 | B27: Swift Pro | C27: SW109242 | D27: JUJUN TJAKRALAKSAN-Bandung | E27: Jl Setra Duta Blok N no.2 RT 002 RW 014, Parongpong, Bandung Barat | F27: Bandung | G27: 45826 | H27: done | I27: 45988 | J27: Done | K27: =I27+$O$1 -> 46168 | M27: =IF(H27="Done",IF(J27="Done",IF(L27="Done","-",K27),I27),G27) -> 46168
A28: 249 | B28: Swift Lite | C28: SW108858 | D28: H. Mahmud Fauzi Nasir-Masjid Nurul Amal | E28: Jl. Gama Setia Barat 1, Komplek Pelni Depok | F28: Depok | G28: 45805 | H28: Done | I28: 46363 | J28: Done | K28: =I28+$O$1 -> 46543 | M28: =IF(H28="Done",IF(J28="Done",IF(L28="Done","-",K28),I28),G28) -> 46543
A29: 246 | B29: Swift Lite | C29: SW108740 | D29: Yay Budi Siswa Mr. Pater R.B. Leonardus Evert Bambang Winandoko, SJ | E29: Jl Menteng Raya no.64 (Kolase Kanisius) | F29: Jakarta Pusat | G29: 45836 | H29: done | I29: 45989 | J29: kanisus | K29: =I29+$O$1 -> 46169 | M29: =IF(H29="Done",IF(J29="Done",IF(L29="Done","-",K29),I29),G29) -> 45989
A30: 251 | B30: Swift Lite | C30: SW108260 | D30: PT Hurama Anugerah Berjaya - Robin | E30: #N/A | F30: Jakarta Utara | G30: 45813 | H30: done | I30: =G30+$O$1 -> 45993 | J30: done | K30: =I30+$O$1 -> 46173 | M30: =IF(H30="Done",IF(J30="Done",IF(L30="Done","-",K30),I30),G30) -> 46173
A31: 233 | B31: Swift Pro | C31: SW108102 | D31: PT Pulau Intan (Yashinta Menteng) | E31: Jl. Pangeran Diponegoro, RT.15/RW.5, Menteng, Kec. Menteng, Kota Jakarta Pusat, Daerah Khusus Ibukota Jakarta 14240 | F31: Jakarta Pusat | G31: 45847 | H31: done | I31: 45966 | J31: Done | K31: =I31+$O$1 -> 46146 | M31: =IF(H31="Done",IF(J31="Done",IF(L31="Done","-",K31),I31),G31) -> 46146
A32: 237 | B32: Swift Lite | C32: SW108015 | D32: Tinus Thepadjaya | E32: Jl. Moti No. 1 RT 004 RW 005, Cideng, Gambir, Jakarta Pusat | F32: Jakarta Pusat | G32: 45800 | H32: done | I32: 45993 | J32: Done | K32: =I32+$O$1 -> 46173 | M32: =IF(H32="Done",IF(J32="Done",IF(L32="Done","-",K32),I32),G32) -> 46173
A33: 247 | B33: Swift Pro | C33: SW108002 | D33: PT Jaya Kusuma Sarana | E33: Taman Golf no 75, Lippo Karawaci | F33: Karawaci | G33: 45635 | H33: done | I33: 45890 | J33: done | K33: =I33+$O$1 -> 46070 | M33: =IF(H33="Done",IF(J33="Done",IF(L33="Done","-",K33),I33),G33) -> 46070
A34: 239 | B34: Swift Lite | C34: SW107327 | D34: KSO ADHI-CEC | E34: #N/A | F34: IKN | G34: 45813 | H34: Done | I34: 46034 | J34: Done | K34: =I34+$O$1 -> 46214 | M34: =IF(H34="Done",IF(J34="Done",IF(L34="Done","-",K34),I34),G34) -> 46214
A35: 264 | B35: Swift Pro | C35: SW107230 | D35: Sri Ayu Lestari | E35: Jalan Pramuka Komplek Green Pramuka No.1 , Banjarmasin | F35: Kalimantan Selatan | G35: 45810 | H35: done | I35: 46074 | J35: Done | K35: =I35+$O$1 -> 46254 | M35: =IF(H35="Done",IF(J35="Done",IF(L35="Done","-",K35),I35),G35) -> 46254
A36: 220 | B36: Swift Lite | C36: SW107100 | D36: Mr. Jorge Serrano-Timor Leste | E36: apostolic nunciature avenidad motael,lirio, vera cruz, dili, timor leste | F36: Timor Leste | I36: =G36+$O$1 -> 180 | K36: =I36+$O$1 -> 360 | M36: =IF(H36="Done",IF(J36="Done",IF(L36="Done","-",K36),I36),G36) -> 0
A37: 226 | B37: Swift Pro | C37: SW106823 | D37: PT Renata Global Supply | E37: Ruko Northridge business center blok B1 no.11, BSD, tangerang | F37: Tangerang | G37: 45831 | H37: done | I37: 45945 | J37: Done | K37: =I37+$O$1 -> 46125 | M37: =IF(H37="Done",IF(J37="Done",IF(L37="Done","-",K37),I37),G37) -> 46125
A38: 208 | B38: Swift Lite | C38: SW106708 | D38: Monica Pranata | E38: Vermont Parkland J2/5, BSD City,tangerang | F38: tangerang | G38: 45694 | H38: done | I38: 45891 | J38: Done | K38: =I38+$O$1 -> 46071 | M38: =IF(H38="Done",IF(J38="Done",IF(L38="Done","-",K38),I38),G38) -> 46071
A39: 195 | B39: Swift Pro | C39: SW106660 | D39: Prof Dr. Maya Devita Lokanata Sp D.V.E | E39: Jl Rajawali Selatan IV no.41 RT 006 rw 006, Gunung Sahari utara, Sawah Besar, Jakarta Pusat | F39: Jakarta Pusat | G39: 45831 | H39: done | I39: 45987 | J39: Done | K39: =I39+$O$1 -> 46167 | M39: =IF(H39="Done",IF(J39="Done",IF(L39="Done","-",K39),I39),G39) -> 46167
A40: 199 | B40: Swift Pro | C40: SW106057 | D40: PT Implementasi Teknologi Indonesia (Arief Sofian) | E40: Jl. Parpostel No.55 Jatiasih, Bekasi | F40: Bekasi | H40: sdh dkgi | I40: =G40+$O$1 -> 180 | K40: =I40+$O$1 -> 360 | M40: =IF(H40="Done",IF(J40="Done",IF(L40="Done","-",K40),I40),G40) -> 0
A41: 200 | B41: Swift Lite | C41: SW105905 | D41: PT. Nabil Putra Jabal (Budhe-Panglima Polim) | E41: JL Panglima Polim V nomor 15 jakarta Selatan | F41: Jakarta Selatan | G41: 45754 | H41: done | I41: 45910 | J41: Done | K41: =I41+$O$1 -> 46090 | M41: =IF(H41="Done",IF(J41="Done",IF(L41="Done","-",K41),I41),G41) -> 46090
A42: 212 | B42: Swift Pro | C42: SW105827 | D42: PT Primaperkasa Intiswadaya (Prayogo) | E42: jl kamboja 33, RT 003 RW 002, kel. JatiPulo, Kec. Palmerah, Jkarta Barat 11430 | F42: Jakarta Barat | G42: 45861 | H42: done | I42: 46090 | J42: Done | K42: =I42+$O$1 -> 46270 | M42: =IF(H42="Done",IF(J42="Done",IF(L42="Done","-",K42),I42),G42) -> 46270
A43: 240 | B43: Swift Pro | C43: SW105802 | D43: Edwin Agung Saputra(Lydia PIK) | E43: Cluster Simprug Village PIK2 no.50 | F43: Jakarta Utara | G43: 45749 | H43: done | I43: 45901 | J43: Done | K43: =I43+$O$1 -> 46081 | M43: =IF(H43="Done",IF(J43="Done",IF(L43="Done","-",K43),I43),G43) -> 46081
A44: 253 | B44: Swift Pro | C44: SW105778 | D44: Suharto Hadju- Adhyaksa Dault | E44: #N/A | F44: Jakarta Selatan | G44: 45831 | H44: Done | I44: 45980 | J44: Done | K44: =I44+$O$1 -> 46160 | M44: =IF(H44="Done",IF(J44="Done",IF(L44="Done","-",K44),I44),G44) -> 46160
A45: 174 | B45: Swift Lite | C45: SW105648 | D45: PT Dwibina Prima Patra | E45: JL Patra Kuningan VIII no D2 Jakarta Selatan | F45: Jakarta Barat | G45: 45855 | H45: done | I45: 46385 | J45: Done | K45: =I45+$O$1 -> 46565 | M45: =IF(H45="Done",IF(J45="Done",IF(L45="Done","-",K45),I45),G45) -> 46565
A46: 205 | B46: Swift Pro | C46: SW105607 | D46: Judi Setiawan | E46: Pluit permai dalam 2 no 16 RT 015 RW 04 Pluit penjaringan Jakarta utara | F46: Jakarta Utara | G46: 45848 | H46: done | I46: 46378 | J46: Done | K46: =I46+$O$1 -> 46558 | M46: =IF(H46="Done",IF(J46="Done",IF(L46="Done","-",K46),I46),G46) -> 46558
A47: 303 | B47: Swift Pro | C47: SW105494 | D47: Rizki Amelia | E47: JL Bekasi Permai V Komplek Bekasi Permai Blok AH no.11 RT 004/Rw 015 kec. Bekasi timur . Bekasi Jaya Kota Bekasi | F47: Bekasi | G47: 45800 | H47: done | I47: 46354 | J47: Done | K47: =I47+$O$1 -> 46534 | M47: =IF(H47="Done",IF(J47="Done",IF(L47="Done","-",K47),I47),G47) -> 46534
A48: 172 | B48: Swift Lite | C48: SW105441 | D48: Eddy Sutomo Santoko PT. CHARMINDO MITRA RAHARJA | E48: Jl. Perumahan Green Garden Blok L3 No.24, RT.8/RW.6, Kedoya Utara, Kec. Kb. Jeruk, Kota Jakarta Barat, Daerah Khusus Ibukota Jakarta 11520 | F48: Jakarta Barat | G48: 45794 | H48: done | I48: 46365 | J48: Done | K48: =I48+$O$1 -> 46545 | M48: =IF(H48="Done",IF(J48="Done",IF(L48="Done","-",K48),I48),G48) -> 46545
A49: 184 | B49: Swift Lite | C49: SW105334 | D49: Yessi ( PT. Bangun Konstruksi Cemerlang) | E49: JL Gandaria 3 no. 3F keramat Pela, Kebayoran Baru Jakarta Selatan | F49: Jakarta Selatan | G49: 45625 | H49: done | I49: 45862 | J49: Done | K49: =I49+$O$1 -> 46042 | M49: =IF(H49="Done",IF(J49="Done",IF(L49="Done","-",K49),I49),G49) -> 46042
A50: 281 | B50: Swift Pro | C50: SW105187 | D50: Andrew Sunaryo Gunawan | E50: JL Pantai Indah Utara 3 Kav 17 no 50 (KOMPLEK LAYAR MEDITERANIA) jakarta Utara | F50: Jakarta Utara | G50: 45821 | H50: done | I50: 45908 | J50: Done | K50: =I50+$O$1 -> 46088 | M50: =IF(H50="Done",IF(J50="Done",IF(L50="Done","-",K50),I50),G50) -> 46088
A51: 313 | B51: Swift Pro | C51: SW105022 | D51: Lionhart Group (Cambodia) Company Limited | E51: Cambodia | F51: Cambodia | G51: 45796 | H51: done | I51: 45898 | J51: Done | K51: =I51+$O$1 -> 46078 | M51: =IF(H51="Done",IF(J51="Done",IF(L51="Done","-",K51),I51),G51) -> 46078
A52: 225 | B52: Swift Pro | C52: SW104862 | D52: DRA. ARDINA SAFITRI | E52: Northern Park Evenue No.157, Sentul City | F52: Sentul | G52: 45839 | H52: Done | I52: =G52+$O$1 -> 46019 | J52: Done | K52: =I52+$O$1 -> 46199 | M52: =IF(H52="Done",IF(J52="Done",IF(L52="Done","-",K52),I52),G52) -> 46199
A53: 171 | B53: Swift Lite | C53: SW104452 | D53: Julio - Yonanda Putra | E53: Perumahan Green Permata, Jl. Swadarma Raya, Kel. Ulujami, Kec. Pesanggrahan Selatan | F53: Jakarta Selatan | G53: 45819 | H53: done | I53: =G53+$O$1 -> 45999 | J53: blm lunas | K53: =I53+$O$1 -> 46179 | M53: =IF(H53="Done",IF(J53="Done",IF(L53="Done","-",K53),I53),G53) -> 45999
A54: 279 | B54: Domo | C54: Straight Left Sand | D54: Mus Abdullah - Pandaan Jawa Timur | E54: #N/A | F54: Jawa Timur | G54: 45962 | H54: Done | I54: =G54+$O$1 -> 46142 | K54: =I54+$O$1 -> 46322 | M54: =IF(H54="Done",IF(J54="Done",IF(L54="Done","-",K54),I54),G54) -> 46142
A55: 288 | B55: Stairlift | C55: Stairlift Left Cognac | D55: PT. Total Bangun Persada Tbk-Batam | E55: #N/A | F55: Batam | G55: 45676 | H55: done | I55: 45865 | J55: Done | K55: =I55+$O$1 -> 46045 | M55: =IF(H55="Done",IF(J55="Done",IF(L55="Done","-",K55),I55),G55) -> 46045
A56: 294 | B56: Stairlift | C56: Stairlift Left | D56: PT Wira Properti (Andy) | E56: #N/A | F56: Surabaya | G56: 45705 | H56: done | I56: 45812 | J56: Done | K56: =I56+$O$1 -> 45992 | M56: =IF(H56="Done",IF(J56="Done",IF(L56="Done","-",K56),I56),G56) -> 45992
A57: 304 | B57: Stairlift | C57: Stairlift Curved Left Sand | D57: Djie Anna | E57: #N/A | F57: Surabaya | G57: 45744 | H57: done | I57: 45902 | J57: Done | K57: =I57+$O$1 -> 46082 | M57: =IF(H57="Done",IF(J57="Done",IF(L57="Done","-",K57),I57),G57) -> 46082
A58: 166 | B58: Stairlift | C58: Stairlift (UNINSTALL) | D58: DODANI HASSOMAL KU (Hashu) | E58: Gading Kirana 1 Blok B2Kirana Timur No 36 kelapa Gading | F58: Jakarta Utara | I58: =G58+$O$1 -> 180 | K58: =I58+$O$1 -> 360 | M58: =IF(H58="Done",IF(J58="Done",IF(L58="Done","-",K58),I58),G58) -> 0
A59: 95 | B59: Stairlift | C59: Stairlift | D59: Then Kon Pin | E59: Villa Gading Indah Blok I no.35, Kelapa Gading, Jakarta Utara | F59: Jakarta Utara | G59: 45836 | H59: done | I59: 46093 | J59: DOne | K59: =I59+$O$1 -> 46273 | M59: =IF(H59="Done",IF(J59="Done",IF(L59="Done","-",K59),I59),G59) -> 46273
A60: 168 | B60: Stairlift | C60: Stairlift | D60: Dr. Ham Sigit Budiman | E60: Kelapa puan timur IV blok NC 4 no 1 | F60: Jakarta Utara | G60: 45858 | H60: done | I60: 46379 | J60: Done | K60: =I60+$O$1 -> 46559 | M60: =IF(H60="Done",IF(J60="Done",IF(L60="Done","-",K60),I60),G60) -> 46559
A61: 170 | B61: Stairlift | C61: Stairlift | D61: Christopher Burke - Bali | E61: Villa Adi Sakti Dusun Kundalini Desa Umeanyar Sererit Buleleng Bali | F61: Bali | G61: 45856 | H61: done | I61: 46040 | J61: Done | K61: =I61+$O$1 -> 46220 | M61: =IF(H61="Done",IF(J61="Done",IF(L61="Done","-",K61),I61),G61) -> 46220
A62: 178 | B62: Stairlift | C62: Stairlift | D62: PT. Maju Makmur Utomo Sunter | E62: Jl. Agung Utara I Blok A No.28 RT 008 RW 008, Sunter Agung, Tanjung Priok, Jakarta Utara | F62: Jakarta Utara | G62: 45842 | H62: done | I62: =G62+$O$1 -> 46022 | J62: gak mau | K62: =I62+$O$1 -> 46202 | M62: =IF(H62="Done",IF(J62="Done",IF(L62="Done","-",K62),I62),G62) -> 46022
A63: 179 | B63: Stairlift | C63: Stairlift | D63: PT. Maju Makmur Utomo Sunter | E63: Jl. Agung Utara I Blok A No.28 RT 008 RW 008, Sunter Agung, Tanjung Priok, Jakarta Utara | F63: Jakarta Utara | G63: 45842 | H63: done | I63: =G63+$O$1 -> 46022 | J63: gak mau | K63: =I63+$O$1 -> 46202 | M63: =IF(H63="Done",IF(J63="Done",IF(L63="Done","-",K63),I63),G63) -> 46022
A64: 180 | B64: Stairlift | C64: Stairlift | D64: PT. Maju Makmur Utomo Sunter | E64: Jl. Agung Utara I Blok A No.28 RT 008 RW 008, Sunter Agung, Tanjung Priok, Jakarta Utara | F64: Jakarta Utara | G64: 45842 | H64: done | I64: =G64+$O$1 -> 46022 | J64: gak mau | K64: =I64+$O$1 -> 46202 | M64: =IF(H64="Done",IF(J64="Done",IF(L64="Done","-",K64),I64),G64) -> 46022
A65: 185 | B65: Stairlift | C65: Stairlift | D65: Bpk Gianto Trisno | E65: Jl. Kembang Permai 1, Blok i6 No.2, Puri Indah, Jakarta Barat | F65: Jakarta Barat | G65: 45740 | H65: done | I65: 45943 | J65: Done | K65: =I65+$O$1 -> 46123 | M65: =IF(H65="Done",IF(J65="Done",IF(L65="Done","-",K65),I65),G65) -> 46123
A66: 190 | B66: Stairlift | C66: Stairlift | D66: PT Bumi Bangun Perkasa - Budi BGV | E66: JL Kintamani 2 no 6 bukit gading villa kelapa gading | F66: Jakarta Utara | G66: 45795 | H66: done | I66: =G66+$O$1 -> 45975 | J66: dikabarin | K66: =I66+$O$1 -> 46155 | M66: =IF(H66="Done",IF(J66="Done",IF(L66="Done","-",K66),I66),G66) -> 45975
A67: 191 | B67: Stairlift | C67: Stairlift | D67: PT. Binayasa Putrabatara | E67: Jl. Purnawarman No. 17 Jakarta Selatan, DKI Jakarta, | F67: Jakarta Selatan | G67: 45607 | H67: done | I67: =G67+$O$1 -> 45787 | K67: =I67+$O$1 -> 45967 | M67: =IF(H67="Done",IF(J67="Done",IF(L67="Done","-",K67),I67),G67) -> 45787
A68: 194 | B68: Stairlift | C68: Stairlift | D68: Norman S Joesoef (Brawijaya) | E68: Jl. Brawijaya V No.47 | F68: Jakarta Selatan | I68: =G68+$O$1 -> 180 | K68: =I68+$O$1 -> 360 | M68: =IF(H68="Done",IF(J68="Done",IF(L68="Done","-",K68),I68),G68) -> 0
A69: 197 | B69: Stairlift | C69: Stairlift | D69: Katherina Sulastianus (Renata) | E69: Taman Ratu Blok C5/18, RT003 RW013, Duri Kepa. Kebon Jeruk, Jakarta Barat. | F69: Jakarta Barat | G69: 45760 | H69: done | I69: 45887 | J69: Done | K69: =I69+$O$1 -> 46067 | M69: =IF(H69="Done",IF(J69="Done",IF(L69="Done","-",K69),I69),G69) -> 46067
A70: 203 | B70: Stairlift | C70: Stairlift | D70: PT Semesta Selaras | E70: Jl. Alam Asri XII Blok Sm No.2, RT.2/RW.15, Pd. Pinang, Kec. Kby. Lama, Kota Jakarta Selatan, Daerah Khusus Ibukota Jakarta 12310 pondok indah | F70: Jakarta Selatan | G70: 45759 | H70: done | I70: 45960 | J70: done | K70: =I70+$O$1 -> 46140 | M70: =IF(H70="Done",IF(J70="Done",IF(L70="Done","-",K70),I70),G70) -> 46140
A71: 206 | B71: Stairlift | C71: Stairlift | D71: Rita Sriyanti - Bandung | E71: JL,. Tanjung Anom no.15a , Bandung | F71: Bandung | G71: 45767 | H71: done | I71: 45989 | J71: Done | K71: =I71+$O$1 -> 46169 | M71: =IF(H71="Done",IF(J71="Done",IF(L71="Done","-",K71),I71),G71) -> 46169
A72: 207 | B72: Stairlift | C72: Stairlift | D72: Retna Bintarni Oen | E72: Jl. Walet Permai 4 NO.15 PIK RT/RW 012/006, Kel.Kapuk Muara, Kec.Penjaringan Jakarta Utara | F72: Jakarta Utara | G72: 45889 | H72: done | I72: 46082 | J72: Done | K72: =I72+$O$1 -> 46262 | M72: =IF(H72="Done",IF(J72="Done",IF(L72="Done","-",K72),I72),G72) -> 46262
A73: 213 | B73: Stairlift | C73: Stairlift | D73: PT Rukun Sahabat Senior | E73: Jl. Beton No. 1A, perum Pondok Jaya, Bintaro. | F73: Tangerang | I73: =G73+$O$1 -> 180 | K73: =I73+$O$1 -> 360 | M73: =IF(H73="Done",IF(J73="Done",IF(L73="Done","-",K73),I73),G73) -> 0
A74: 214 | B74: Stairlift | C74: Stairlift | D74: Yesaya Milano - Situbondo | E74: Jl. Anggrek no. 54 Krajan Patokan, situbondo. Jawa timur. Situbondo, Jawa Timur | F74: Jawa Timur | G74: 45627 | H74: done | I74: =G74+$O$1 -> 45807 | J74: tdk ush lg sakit | K74: =I74+$O$1 -> 45987 | M74: =IF(H74="Done",IF(J74="Done",IF(L74="Done","-",K74),I74),G74) -> 45807
A75: 215 | B75: Stairlift | C75: Stairlift | D75: YESAYA MALINO - Situbondo | E75: Jl. Anggrek no. 54 Krajan Patokan, situbondo. Jawa timur. Situbondo, Jawa Timur | F75: Jawa Timur | G75: 45627 | H75: done | I75: =G75+$O$1 -> 45807 | K75: =I75+$O$1 -> 45987 | M75: =IF(H75="Done",IF(J75="Done",IF(L75="Done","-",K75),I75),G75) -> 45807
A76: 217 | B76: Stairlift | C76: Stairlift | D76: Dev - Pasar Baru | E76: Gg. Kelinci No.16A | F76: Jakarta Pusat | G76: 45658 | H76: done | I76: 45887 | J76: done | K76: =I76+$O$1 -> 46067 | M76: =IF(H76="Done",IF(J76="Done",IF(L76="Done","-",K76),I76),G76) -> 46067
A77: 218 | B77: Stairlift | C77: Stairlift | D77: PT. Swi Jetty Nusantara-Makassar | E77: Jl. Serui no 41 Makassar, Sulawesi-Selatan | F77: Makassar | I77: =G77+$O$1 -> 180 | K77: =I77+$O$1 -> 360 | M77: =IF(H77="Done",IF(J77="Done",IF(L77="Done","-",K77),I77),G77) -> 0
A78: 223 | B78: Stairlift | C78: Stairlift | D78: Like Meilani - Surabaya | E78: pakuwon city, san anthonio n.13 no.39, Surabaya. | F78: Surabaya | G78: 45780 | H78: done | I78: 46036 | J78: Done | K78: =I78+$O$1 -> 46216 | M78: =IF(H78="Done",IF(J78="Done",IF(L78="Done","-",K78),I78),G78) -> 46216
A79: 230 | B79: Stairlift | C79: Stairlift | D79: PT CERIA NUGRAHA ADITAMA - Kolaka | E79: 0 | F79: Kolaka | I79: =G79+$O$1 -> 180 | K79: =I79+$O$1 -> 360 | M79: =IF(H79="Done",IF(J79="Done",IF(L79="Done","-",K79),I79),G79) -> 0
A80: 243 | B80: Stairlift | C80: Stairlift | D80: Hartono (Ano) | E80: Cluster Mozart Signature TMBB No. 86. Pantai Indah Kapuk | F80: Jakarta Utara | G80: 45892 | H80: Done | I80: =G80+$O$1 -> 46072 | K80: =I80+$O$1 -> 46252 | M80: =IF(H80="Done",IF(J80="Done",IF(L80="Done","-",K80),I80),G80) -> 46072
A81: 248 | B81: Stairlift | C81: Stairlift | D81: Fatehchand Daulatram Stairlift | E81: Jl. Danau agung 11 blok E7 no 4 sunter | F81: Jakarta Utara | I81: =G81+$O$1 -> 180 | K81: =I81+$O$1 -> 360 | M81: =IF(H81="Done",IF(J81="Done",IF(L81="Done","-",K81),I81),G81) -> 0
A82: 270 | B82: Stairlift | C82: Stairlift | D82: Gunawan Priatna | E82: 0 | F82: Jakarta Barat | G82: 45826 | H82: done | I82: =G82+$O$1 -> 46006 | J82: ninik | K82: =I82+$O$1 -> 46186 | M82: =IF(H82="Done",IF(J82="Done",IF(L82="Done","-",K82),I82),G82) -> 46006
A83: 291 | B83: Stairlift | C83: Stairlift | D83: Kumar | E83: #N/A | F83: Jakarta Utara | G83: 45688 | H83: done | I83: =G83+$O$1 -> 45868 | K83: =I83+$O$1 -> 46048 | M83: =IF(H83="Done",IF(J83="Done",IF(L83="Done","-",K83),I83),G83) -> 45868
A84: 161 | B84: Stairlift | C84: Solo | D84: PT. Sumbersolusindo Hitech (Bpk Hardi) | E84: #N/A | F84: Jawa Tengah | G84: 45812 | H84: Done | I84: 45965 | J84: Done | K84: =I84+$O$1 -> 46145 | M84: =IF(H84="Done",IF(J84="Done",IF(L84="Done","-",K84),I84),G84) -> 46145
A85: 232 | B85: Pve 37 midio | C85: PVE/INDN/013/24-25 | D85: PT. Trimitra Alkabes Mandiri -BALI Andreas Hartono Gani | E85: Jalan Imam Bonjol 555 Denpasar, Bali | F85: Bali | G85: 45730 | H85: done | I85: 46087 | J85: Done | K85: =I85+$O$1 -> 46267 | M85: =IF(H85="Done",IF(J85="Done",IF(L85="Done","-",K85),I85),G85) -> 46267
A86: 228 | B86: Pve 37 midio | C86: PVE/INDN/012/24-25 | D86: PT Intitirta Makmur | E86: Jln Lanbau Rt.001 Rw.003, Kampung Lio Baru, Desa Sanja, Citeureup - Bogor | F86: Bogor | G86: 45605 | H86: done | I86: =G86+$O$1 -> 45785 | K86: =I86+$O$1 -> 45965 | M86: =IF(H86="Done",IF(J86="Done",IF(L86="Done","-",K86),I86),G86) -> 45785
A87: 222 | B87: Pve 37 midio | C87: PVE/INDN/011/23-24 | D87: Jennifer (PT Karya Anugerah) | E87: Jl. Cisadaneno.31 RT003/ RW004, Cikini, menteng, Jakarta Pusat | F87: Jakarta Pusat | G87: 45779 | H87: done | I87: =G87+$O$1 -> 45959 | K87: =I87+$O$1 -> 46139 | M87: =IF(H87="Done",IF(J87="Done",IF(L87="Done","-",K87),I87),G87) -> 45959
A88: 209 | B88: Pve 37 midio | C88: PVE/INDN/010/23-24 | D88: PT. First Marine Seafoods | E88: JI. Muara Baru Ujung Blok I Kav 1-10, jakarta utara 14440 | F88: Jakarta Utara | G88: 45832 | H88: done | I88: 45967 | J88: Done | K88: =I88+$O$1 -> 46147 | M88: =IF(H88="Done",IF(J88="Done",IF(L88="Done","-",K88),I88),G88) -> 46147
A89: 219 | B89: Pve 37 midio | C89: PVE/INDN/009/23-24 | D89: Windri Lestari Rusli | E89: jl. Kauripan no.25A, Banjarmasin, Kalimantan Selatan | F89: Kalimantan Selatan | G89: 45704 | H89: done | I89: 45900 | J89: Done | K89: =I89+$O$1 -> 46080 | M89: =IF(H89="Done",IF(J89="Done",IF(L89="Done","-",K89),I89),G89) -> 46080
A90: 310 | B90: Pve 37 midio | C90: PVE/INDN/008/24-25 | D90: Suwanto - PVE Kantor Artha Gading | E90: 0 | F90: Jakarta Utara | G90: 45805 | H90: done | I90: 45966 | J90: Done | K90: =I90+$O$1 -> 46146 | M90: =IF(H90="Done",IF(J90="Done",IF(L90="Done","-",K90),I90),G90) -> 46146
A91: 256 | B91: Pve 37 midio | C91: PVE/INDN/006/24-25 | D91: Dr. Pengky Pranata-Ms Yulia Sentul | E91: Sentul city, KOMPLEK SIERA MADRE, JL CATELYA NO 5 | F91: Sentul | I91: =G91+$O$1 -> 180 | K91: =I91+$O$1 -> 360 | M91: =IF(H91="Done",IF(J91="Done",IF(L91="Done","-",K91),I91),G91) -> 0
A92: 5 | B92: Pve 37 midio | C92: PVE | D92: PT. Yolita Plasinto Pratama ( Ida) | E92: Jl. Boulevard Utara Raya Ruko QJ5 no. 27. Kelapa Gading. Jakarta Utara | F92: Jakarta Utara | G92: 45800 | H92: Done | I92: 45966 | J92: Done | K92: 46087 | L92: Done | M92: =IF(H92="Done",IF(J92="Done",IF(L92="Done","-",K92),I92),G92) -> -
A93: 60 | B93: Pve 37 midio | C93: PVE | D93: Howard Kasima | E93: Kirana Boutique. Jl. Kirana Avenue 2 Blok C-1 No.3. Kelapa Gading Timur, Jak-Ut | F93: Jakarta Utara | G93: 45614 | H93: Done | I93: =G93+$O$1 -> 45794 | K93: =I93+$O$1 -> 45974 | M93: =IF(H93="Done",IF(J93="Done",IF(L93="Done","-",K93),I93),G93) -> 45794
A94: 107 | B94: PEV | C94: PVE | D94: PT Sambas Mineral Mining | E94: Jl. Taman Wijaya Kusuma Raya No.19 RT.008 RW.004 Pondok Labu Cilandak Jakarta Selatan | F94: Jakarta Selatan | G94: 45862 | H94: Done | I94: 46066 | J94: Done | K94: =I94+$O$1 -> 46246 | M94: =IF(H94="Done",IF(J94="Done",IF(L94="Done","-",K94),I94),G94) -> 46246
A95: 111 | B95: Pve 37 midio | C95: PVE | D95: Liza Anita Sumarsono,Sonnie Pondok Kopi | E95: Pondok Kopi PA 4-5 RT010/RW001, Pondok Kopi, Duren Sawit, DKI Jakarta | F95: Jakarta | I95: =G95+$O$1 -> 180 | K95: =I95+$O$1 -> 360 | M95: =IF(H95="Done",IF(J95="Done",IF(L95="Done","-",K95),I95),G95) -> 0
A96: 112 | B96: Pve 37 midio | C96: PVE | D96: PT. Bintang Surya Sejati Sukses/ Budi | E96: Jl. Gunung Sahari No. 2, Komp. Marina Mangga Dua No. E-21, Jakarta Utara | F96: Jakarta Utara | G96: 13 juni 2025 | H96: Done | I96: 13 juni 2025 | K96: =I96+$O$1 -> #VALUE! | M96: =IF(H96="Done",IF(J96="Done",IF(L96="Done","-",K96),I96),G96) -> 13 juni 2025
A97: 144 | B97: Pve 37 midio | C97: PVE | D97: Sunarno | E97: Jl. Asem VI Komp TM Griya Indah No. 10 RT 14 / RW 05 | F97: Jakarta Selatan | G97: 45861 | H97: Done | I97: =G97+$O$1 -> 46041 | K97: =I97+$O$1 -> 46221 | M97: =IF(H97="Done",IF(J97="Done",IF(L97="Done","-",K97),I97),G97) -> 46041
A98: 149 | B98: Pve 37 midio | C98: PVE | D98: PT Andara Buana Mandiri (NOVIAN) | E98: Jl. Kayu Mas Utara No. 294, Pulogadung, Jakarta Timur 13260 | F98: Jakarta Timur | G98: 45847 | H98: Done | I98: =G98+$O$1 -> 46027 | K98: =I98+$O$1 -> 46207 | M98: =IF(H98="Done",IF(J98="Done",IF(L98="Done","-",K98),I98),G98) -> 46027
A99: 151 | B99: Pve 37 midio | C99: PVE | D99: PT Taktik Promo Sukses | E99: #N/A | F99: Jakarta Selatan | G99: 45765 | H99: Done | I99: =G99+$O$1 -> 45945 | J99: gak mau | K99: =I99+$O$1 -> 46125 | M99: =IF(H99="Done",IF(J99="Done",IF(L99="Done","-",K99),I99),G99) -> 45945
A100: 182 | B100: PVE Maxio | C100: PVE | D100: Andre Farnandes-MAXIO-Samarinda | E100: Jl Pahlawan Samarinda | F100: Kalimantan Timur | I100: =G100+$O$1 -> 180 | K100: =I100+$O$1 -> 360 | M100: =IF(H100="Done",IF(J100="Done",IF(L100="Done","-",K100),I100),G100) -> 0
...

Sheet Data Garansi
A1: No | B1: Jenis Lift | C1: Code Lift | D1: Tgl BAST | E1: Nama Cust | F1: Masa Garansi ( Days ) | G1: Tgl Hari Ini | H1: Days From BAST | I1: Garansi atau Tidak | J1: Free Maintenance Sisa
A2: 1 | B2: Domo Flex | C2: 21/0670 | D2: 44201 | E2: Ir. H. Awan Hermawan Purwadinata MT, Bandung | F2: 365 | G2: =TODAY() -> 46150 | H2: =G2-D2 -> 1949 | I2: =IF(H2>F2,"Tidak","Garansi") -> Tidak
A3: 2 | B3: Galactic | C3: 21/0745 | D3: 44255 | E3: Syamsuardi Alpat (Sudirman) | F3: 365 | G3: =TODAY() -> 46150 | H3: =G3-D3 -> 1895 | I3: =IF(H3>F3,"Tidak","Garansi") -> Tidak
A4: 3 | B4: Domo Flex | C4: 21/0227 | D4: 44400 | E4: Hendra Dwi Kurniawan | F4: 365 | G4: =TODAY() -> 46150 | H4: =G4-D4 -> 1750 | I4: =IF(H4>F4,"Tidak","Garansi") -> Tidak
A5: 4 | B5: Indomo Shaft | C5: 21/0258 | D5: 44428 | E5: CV Jawa Indah (Ibu Yuli), Samarinda, Kal-Tim | F5: 365 | G5: =TODAY() -> 46150 | H5: =G5-D5 -> 1722 | I5: =IF(H5>F5,"Tidak","Garansi") -> Tidak
A6: 5 | B6: Pve 37 midio | C6: PVE | D6: 44435 | E6: PT. Yolita Plasinto Pratama ( Ida) | F6: 365 | G6: =TODAY() -> 46150 | H6: =G6-D6 -> 1715 | I6: =IF(H6>F6,"Tidak","Garansi") -> Tidak
A7: 6 | B7: Domo Flex | C7: 21/0455 | D7: 44474 | E7: CV Pije Peter Cheryl (Andi) | F7: 365 | G7: =TODAY() -> 46150 | H7: =G7-D7 -> 1676 | I7: =IF(H7>F7,"Tidak","Garansi") -> Tidak
A8: 7 | B8: Domo Flex | C8: 21/0542 | D8: 44490 | E8: Esther Indrawati | F8: 365 | G8: =TODAY() -> 46150 | H8: =G8-D8 -> 1660 | I8: =IF(H8>F8,"Tidak","Garansi") -> Tidak
A9: 8 | B9: Domo Flex | C9: 21/0375 | D9: 44517 | E9: PT. Bertie Sukses Makmur (Andi) | F9: 365 | G9: =TODAY() -> 46150 | H9: =G9-D9 -> 1633 | I9: =IF(H9>F9,"Tidak","Garansi") -> Tidak
A10: 9 | B10: Domo Flex | C10: 21/0676 | D10: 44525 | E10: Ir. Pudjo Prihadi Santoso | F10: 365 | G10: =TODAY() -> 46150 | H10: =G10-D10 -> 1625 | I10: =IF(H10>F10,"Tidak","Garansi") -> Tidak
A11: 10 | B11: Domo Flex | C11: 21/0599 | D11: 44539 | E11: PT. Dwipar Loka Ayu (Aswin) | F11: 365 | G11: =TODAY() -> 46150 | H11: =G11-D11 -> 1611 | I11: =IF(H11>F11,"Tidak","Garansi") -> Tidak
A12: 11 | B12: Domo Flex | C12: 21/0638 | D12: 44540 | E12: Jenny Lie | F12: 365 | G12: =TODAY() -> 46150 | H12: =G12-D12 -> 1610 | I12: =IF(H12>F12,"Tidak","Garansi") -> Tidak
A13: 12 | B13: Domo Flex | C13: 21/0538 | D13: 44542 | E13: Herry Gunawan | F13: 365 | G13: =TODAY() -> 46150 | H13: =G13-D13 -> 1608 | I13: =IF(H13>F13,"Tidak","Garansi") -> Tidak
... A26: 25 | B26: Domo Flex | C26: 21/0858 | D26: 44629 | E26: PT. Esa Pratama (Hafzah) | F26: 365 | G26: =TODAY() -> 46150 | H26: =G26-D26 -> 1521 | I26: =IF(H26>F26,"Tidak","Garansi") -> Tidak
A27: 26 | B27: Pve 37 midio | C27: 192 | D27: 44635 | E27: PT Sumberdaya Indonesia (Andi Yusuf - Mangga) | F27: 365 | G27: =TODAY() -> 46150 | H27: =G27-D27 -> 1515 | I27: =IF(H27>F27,"Tidak","Garansi") -> Tidak
A28: 27 | B28: Indomo Cabin | C28: 21/1066 | D28: 44639 | E28: PT. Semesta Andesit Perkasa (Budi) - PT. Vicindo Jaya Makmur | F28: 365 | G28: =TODAY() -> 46150 | H28: =G28-D28 -> 1511 | I28: =IF(H28>F28,"Tidak","Garansi") -> Tidak
A29: 28 | B29: Domo Flex | C29: 21/0903 | D29: 44644 | E29: Yayasan Perkembangan Anak Indonesia | F29: 365 | G29: =TODAY() -> 46150 | H29: =G29-D29 -> 1506 | I29: =IF(H29>F29,"Tidak","Garansi") -> Tidak
A30: 29 | B30: Domo Flex | C30: 21/1081 | D30: 44653 | E30: Abednego Wibowo (Hartono) | F30: 365 | G30: =TODAY() -> 46150 | H30: =G30-D30 -> 1497 | I30: =IF(H30>F30,"Tidak","Garansi") -> Tidak
A31: 30 | B31: Klasik | C31: 21/0994 | D31: 44656 | E31: M. Dodiek Tas'an Wartono | F31: 365 | G31: =TODAY() -> 46150 | H31: =G31-D31 -> 1494 | I31: =IF(H31>F31,"Tidak","Garansi") -> Tidak
A32: 31 | B32: Indomo Cabin | C32: 21/0621 | D32: 44659 | E32: Dr. Ketut Ananda W. Sp. OG (Klinik Ananda, Sumba) | F32: 365 | G32: =TODAY() -> 46150 | H32: =G32-D32 -> 1491 | I32: =IF(H32>F32,"Tidak","Garansi") -> Tidak
A33: 32 | B33: Domo Flex 2 | C33: 21/0922 | D33: 44667 | E33: PT. Mitra Niaga Nusatama (Jelly) | F33: 365 | G33: =TODAY() -> 46150 | H33: =G33-D33 -> 1483 | I33: =IF(H33>F33,"Tidak","Garansi") -> Tidak
A34: 33 | B34: Pve 37 midio | C34: 191 | D34: 44668 | E34: Rajulur Rakhman | F34: 365 | G34: =TODAY() -> 46150 | H34: =G34-D34 -> 1482 | I34: =IF(H34>F34,"Tidak","Garansi") -> Tidak
A35: 34 | B35: Domo Flex | C35: 21/0857 | D35: 44669 | E35: PT. PT Duta Raya Cipta (Gulshan) | F35: 365 | G35: =TODAY() -> 46150 | H35: =G35-D35 -> 1481 | I35: =IF(H35>F35,"Tidak","Garansi") -> Tidak
A36: 35 | B36: Domo Flex | C36: 21/0877 | D36: 44671 | E36: PT. Multilabindo Wahana (Hidayat) | F36: 365 | G36: =TODAY() -> 46150 | H36: =G36-D36 -> 1479 | I36: =IF(H36>F36,"Tidak","Garansi") -> Tidak
A37: 36 | B37: Pve 37 midio | C37: 188 | D37: 44674 | E37: Linda Irawati, Surabaya | F37: 365 | G37: =TODAY() -> 46150 | H37: =G37-D37 -> 1476 | I37: =IF(H37>F37,"Tidak","Garansi") -> Tidak
A38: 37 | B38: Klasik | C38: 21/1068 | D38: 44679 | E38: Linda Tjahja (Rivai) | F38: 365 | G38: =TODAY() -> 46150 | H38: =G38-D38 -> 1471 | I38: =IF(H38>F38,"Tidak","Garansi") -> Tidak
A39: 38 | B39: Indomo Shaft | C39: 21/0962 | D39: 44681 | E39: PT. Dwi Tunggal Putra (Michael) | F39: 365 | G39: =TODAY() -> 46150 | H39: =G39-D39 -> 1469 | I39: =IF(H39>F39,"Tidak","Garansi") -> Tidak
A40: 39 | B40: Klasik | C40: 21/1147 | D40: 44681 | E40: Djohan Surya Adinata | F40: 365 | G40: =TODAY() -> 46150 | H40: =G40-D40 -> 1469 | I40: =IF(H40>F40,"Tidak","Garansi") -> Tidak
A41: 40 | B41: Galactic | C41: 21/0973 | D41: 44710 | E41: Felix Claudius Djimin (Greysia/ PT Kreasi Bintang Anugerah) | F41: 365 | G41: =TODAY() -> 46150 | H41: =G41-D41 -> 1440 | I41: =IF(H41>F41,"Tidak","Garansi") -> Tidak
A42: 41 | B42: Domo Flex | C42: 21/0878 | D42: 44711 | E42: Monica Irmawati Koswara | F42: 365 | G42: =TODAY() -> 46150 | H42: =G42-D42 -> 1439 | I42: =IF(H42>F42,"Tidak","Garansi") -> Tidak
A43: 42 | B43: Klasik | C43: 21/1208 | D43: 44713 | E43: PT. Comfort Aire Aneka Teknik (Edy - Bintaro) | F43: 365 | G43: =TODAY() -> 46150 | H43: =G43-D43 -> 1437 | I43: =IF(H43>F43,"Tidak","Garansi") -> Tidak
A44: 43 | B44: Domo Flex | C44: 21/0885 | D44: 44722 | E44: Farida Anwari | F44: 365 | G44: =TODAY() -> 46150 | H44: =G44-D44 -> 1428 | I44: =IF(H44>F44,"Tidak","Garansi") -> Tidak
A45: 44 | B45: Galactic | C45: 21/0973 | D45: 44730 | E45: Jonatan Christie | F45: 365 | G45: =TODAY() -> 46150 | H45: =G45-D45 -> 1420 | I45: =IF(H45>F45,"Tidak","Garansi") -> Tidak
A46: 45 | B46: Domo Flex | C46: 21/1072 | D46: 44730 | E46: Ir. Tjahjono Tjandra | F46: 365 | G46: =TODAY() -> 46150 | H46: =G46-D46 -> 1420 | I46: =IF(H46>F46,"Tidak","Garansi") -> Tidak
A47: 46 | B47: Domo Flex | C47: 21/1135 | D47: 44734 | E47: Johan Suhalim | F47: 365 | G47: =TODAY() -> 46150 | H47: =G47-D47 -> 1416 | I47: =IF(H47>F47,"Tidak","Garansi") -> Tidak
A48: 47 | B48: Klasik | C48: 21/1067 | D48: 44740 | E48: Jessica Ronaldy Tjahja (Sumitra) | F48: 365 | G48: =TODAY() -> 46150 | H48: =G48-D48 -> 1410 | I48: =IF(H48>F48,"Tidak","Garansi") -> Tidak
A49: 48 | B49: Stairfit | C49: 21/1120 | D49: 44740 | E49: Taruna Wirano Lukman (Rully) | F49: 365 | G49: =TODAY() -> 46150 | H49: =G49-D49 -> 1410 | I49: =IF(H49>F49,"Tidak","Garansi") -> Tidak
... A60: 58 | B60: Indomo Cabin | C60: 21/0812 | D60: 44776 | E60: Jico Maradona | F60: 365 | G60: =TODAY() -> 46150 | H60: =G60-D60 -> 1374 | I60: =IF(H60>F60,"Tidak","Garansi") -> Tidak
A61: 59 | B61: Pve 37 midio | C61: 190 | D61: 44777 | E61: Sofian Atmadja Widjaja | F61: 365 | G61: =TODAY() -> 46150 | H61: =G61-D61 -> 1373 | I61: =IF(H61>F61,"Tidak","Garansi") -> Tidak
A62: 60 | B62: Pve 37 midio | C62: PVE | D62: 44781 | E62: Howard Kasima | F62: 365 | G62: =TODAY() -> 46150 | H62: =G62-D62 -> 1369 | I62: =IF(H62>F62,"Tidak","Garansi") -> Tidak
A63: 61 | B63: Pve 37 midio | C63: 22/97 | D63: 44781 | E63: PT. Wahana Sejahtera Langgeng Makmur ( Howard) | F63: 365 | G63: =TODAY() -> 46150 | H63: =G63-D63 -> 1369 | I63: =IF(H63>F63,"Tidak","Garansi") -> Tidak
A64: 62 | B64: Domo Flex 2 | C64: 22/0074 | D64: 44785 | E64: Buyung, Surabaya | F64: 365 | G64: =TODAY() -> 46150 | H64: =G64-D64 -> 1365 | I64: =IF(H64>F64,"Tidak","Garansi") -> Tidak
A65: 63 | B65: Pve 30 minio | C65: 189 | D65: 44787 | E65: Ary Indrajanto | F65: 365 | G65: =TODAY() -> 46150 | H65: =G65-D65 -> 1363 | I65: =IF(H65>F65,"Tidak","Garansi") -> Tidak
A66: 64 | B66: Domo Flex 2 | C66: 2022/214 | D66: 44797 | E66: PT. Anugerah Aneka Industri (Surja) | F66: 365 | G66: =TODAY() -> 46150 | H66: =G66-D66 -> 1353 | I66: =IF(H66>F66,"Tidak","Garansi") -> Tidak
A67: 65 | B67: Domo Flex | C67: 21/0886 | D67: 44803 | E67: Junly Kodradjaya, Surabaya | F67: 365 | G67: =TODAY() -> 46150 | H67: =G67-D67 -> 1347 | I67: =IF(H67>F67,"Tidak","Garansi") -> Tidak
A68: 66 | B68: Domo Flex 2 | C68: 21/1226 | D68: 44807 | E68: Machzum Baisa | F68: 365 | G68: =TODAY() -> 46150 | H68: =G68-D68 -> 1343 | I68: =IF(H68>F68,"Tidak","Garansi") -> Tidak
A69: 67 | B69: Domo Flex 2 | C69: 2022/322 | D69: 44807 | E69: PT. Citra Sembilansatu ( Sahata Saolan Sirait) | F69: 365 | G69: =TODAY() -> 46150 | H69: =G69-D69 -> 1343 | I69: =IF(H69>F69,"Tidak","Garansi") -> Tidak
A70: 68 | B70: Klasik | C70: 22/856 | D70: 44818 | E70: Peter Douglas Simpson | F70: 365 | G70: =TODAY() -> 46150 | H70: =G70-D70 -> 1332 | I70: =IF(H70>F70,"Tidak","Garansi") -> Tidak
A71: 69 | B71: Klasik | C71: 22/322 | D71: 44818 | E71: Heri Hariawan | F71: 365 | G71: =TODAY() -> 46150 | H71: =G71-D71 -> 1332 | I71: =IF(H71>F71,"Tidak","Garansi") -> Tidak
A72: 70 | B72: Domo Flex | C72: 22/355 | D72: 44827 | E72: Suryani | F72: 365 | G72: =TODAY() -> 46150 | H72: =G72-D72 -> 1323 | I72: =IF(H72>F72,"Tidak","Garansi") -> Tidak
A73: 71 | B73: Domo Flex 2 | C73: 21/1289 | D73: 44835 | E73: Linda Irawati, Surabaya | F73: 365 | G73: =TODAY() -> 46150 | H73: =G73-D73 -> 1315 | I73: =IF(H73>F73,"Tidak","Garansi") -> Tidak
A74: 72 | B74: Domo Flex 2 | C74: 22/243 | D74: 44837 | E74: PT. Borlindo Mandiri Jaya (Hermon) | F74: 365 | G74: =TODAY() -> 46150 | H74: =G74-D74 -> 1313 | I74: =IF(H74>F74,"Tidak","Garansi") -> Tidak
A75: 73 | B75: Klasik | C75: 2022/387 | D75: 44838 | E75: Hendra Surjaputra | F75: 365 | G75: =TODAY() -> 46150 | H75: =G75-D75 -> 1312 | I75: =IF(H75>F75,"Tidak","Garansi") -> Tidak
A76: 74 | B76: Domo Flex | C76: 22/0078 | D76: 44845 | E76: Kusnaeny Mardjoeki (Dini), Surabaya | F76: 365 | G76: =TODAY() -> 46150 | H76: =G76-D76 -> 1305 | I76: =IF(H76>F76,"Tidak","Garansi") -> Tidak
A77: 75 | B77: Indomo | C77: 2022/473 | D77: 44856 | E77: Suwanlia | F77: 365 | G77: =TODAY() -> 46150 | H77: =G77-D77 -> 1294 | I77: =IF(H77>F77,"Tidak","Garansi") -> Tidak
... A124: 122 | B124: Icon Lift | C124: 2022/1172 | D124: 45112 | E124: Syaiful Arifin (Abrian)/ Arnold | F124: 365 | G124: =TODAY() -> 46150 | H124: =G124-D124 -> 1038 | I124: =IF(H124>F124,"Tidak","Garansi") -> Tidak
A125: 123 | B125: Indomo Cabin | C125: 230100 | D125: 45118 | E125: Bintang Jupiter | F125: 365 | G125: =TODAY() -> 46150 | H125: =G125-D125 -> 1032 | I125: =IF(H125>F125,"Tidak","Garansi") -> Tidak
A126: 124 | B126: Indomo - Cabin Only | C126: 2022/1108 | D126: 45120 | E126: Arianto Haris- Medan | F126: 365 | G126: =TODAY() -> 46150 | H126: =G126-D126 -> 1030 | I126: =IF(H126>F126,"Tidak","Garansi") -> Tidak
A127: 125 | B127: DomoFlex2 | C127: 2023/14 | D127: 45121 | E127: John Marciano- Bali | F127: 365 | G127: =TODAY() -> 46150 | H127: =G127-D127 -> 1029 | I127: =IF(H127>F127,"Tidak","Garansi") -> Tidak
A128: 126 | B128: Domo Flex 2 | C128: 2023/39 | D128: 45122 | E128: PT Surya Semesta Permai | F128: 365 | G128: =TODAY() -> 46150 | H128: =G128-D128 -> 1028 | I128: =IF(H128>F128,"Tidak","Garansi") -> Tidak
A129: 127 | B129: Indomo Cabin | C129: 2300/15 | D129: 45124 | E129: Yayasan Onkologi Anak Indonesia | F129: 365 | G129: =TODAY() -> 46150 | H129: =G129-D129 -> 1026 | I129: =IF(H129>F129,"Tidak","Garansi") -> Tidak
A130: 128 | B130: Indomo | C130: 2022/115 | D130: 45138 | E130: Le Agus Felix | F130: 365 | G130: =TODAY() -> 46150 | H130: =G130-D130 -> 1012 | I130: =IF(H130>F130,"Tidak","Garansi") -> Tidak
A131: 129 | B131: Domoflex2- felx 3 sisi kaca | C131: 2022/1128 | D131: 45139 | E131: PT. Adimitra prima Lestari (pak Wily) | F131: 365 | G131: =TODAY() -> 46150 | H131: =G131-D131 -> 1011 | I131: =IF(H131>F131,"Tidak","Garansi") -> Tidak
A132: 130 | B132: Indomo | C132: 2022/1327 | D132: 45139 | E132: Sasunto | F132: 365 | G132: =TODAY() -> 46150 | H132: =G132-D132 -> 1011 | I132: =IF(H132>F132,"Tidak","Garansi") -> Tidak
A133: 131 | B133: Galactic | C133: 2022/1334 | D133: 45143 | E133: Lie Ly Tedjokoesoemo, Surabaya | F133: 365 | G133: =TODAY() -> 46150 | H133: =G133-D133 -> 1007 | I133: =IF(H133>F133,"Tidak","Garansi") -> Tidak
A134: 132 | B134: Domo Flex 2 | C134: 2023/0176 | D134: 45147 | E134: Winarizal | F134: 365 | G134: =TODAY() -> 46150 | H134: =G134-D134 -> 1003 | I134: =IF(H134>F134,"Tidak","Garansi") -> Tidak
A135: 133 | B135: Indomo Cabin | C135: 2022/1234 | D135: 45148 | E135: PT Griya Selaras Pratama -Pondok Pinang-Klinik Rawamangun | F135: 365 | G135: =TODAY() -> 46150 | H135: =G135-D135 -> 1002 | I135: =IF(H135>F135,"Tidak","Garansi") -> Tidak
A136: 134 | B136: Domo Flex 2 | C136: 230230 | D136: 45150 | E136: PT. Semangat Mekar Jaya Mandiri-Felix Semarang | F136: 365 | G136: =TODAY() -> 46150 | H136: =G136-D136 -> 1000 | I136: =IF(H136>F136,"Tidak","Garansi") -> Tidak
A137: 135 | B137: Eco Flex | C137: 2022/1046 | D137: 45158 | E137: Maikel Effendi - Ivanna | F137: 365 | G137: =TODAY() -> 46150 | H137: =G137-D137 -> 992 | I137: =IF(H137>F137,"Tidak","Garansi") -> Tidak
A138: 136 | B138: Indomo | C138: 2022/1129 | D138: 45159 | E138: Wahyu Tri Rahmanto | F138: 365 | G138: =TODAY() -> 46150 | H138: =G138-D138 -> 991 | I138: =IF(H138>F138,"Tidak","Garansi") -> Tidak
A139: 137 | B139: Icon Lift | C139: 2022/1080 | D139: 45166 | E139: Demo Lift | F139: 365 | G139: =TODAY() -> 46150 | H139: =G139-D139 -> 984 | I139: =IF(H139>F139,"Tidak","Garansi") -> Tidak
A140: 138 | B140: Indomo - Cabin Only | C140: 2022/1053 | D140: 45169 | E140: PT. Mamoru (Wong Sin Yung) | F140: 365 | G140: =TODAY() -> 46150 | H140: =G140-D140 -> 981 | I140: =IF(H140>F140,"Tidak","Garansi") -> Tidak
A141: 139 | B141: Domo Flex 2 | C141: 2023/282 | D141: 45172 | E141: Perseroan Komanditer Primatio (CV) | F141: 365 | G141: =TODAY() -> 46150 | H141: =G141-D141 -> 978 | I141: =IF(H141>F141,"Tidak","Garansi") -> Tidak
A142: 140 | B142: Indomo Cabin | C142: 2023/065 | D142: 45175 | E142: Dartomo M Sidik - Depok | F142: 365 | G142: =TODAY() -> 46150 | H142: =G142-D142 -> 975 | I142: =IF(H142>F142,"Tidak","Garansi") -> Tidak
A143: 141 | B143: Domo Flex 2 | C143: 230125 | D143: 45181 | E143: Gunawan, Jambi | F143: 365 | G143: =TODAY() -> 46150 | H143: =G143-D143 -> 969 | I143: =IF(H143>F143,"Tidak","Garansi") -> Tidak
A144: 142 | B144: Indomo Shaft | C144: 2022/592 | D144: 45191 | E144: Apartemen Senayan Residence | F144: 365 | G144: =TODAY() -> 46150 | H144: =G144-D144 -> 959 | I144: =IF(H144>F144,"Tidak","Garansi") -> Tidak
A145: 143 | B145: Icon Lift | C145: 2022/972 | D145: 45200 | E145: Demo Lift | F145: 365 | G145: =TODAY() -> 46150 | H145: =G145-D145 -> 950 | I145: =IF(H145>F145,"Tidak","Garansi") -> Tidak
A146: 144 | B146: Pve 37 midio | C146: PVE | D146: 45204 | E146: Sunarno | F146: 365 | G146: =TODAY() -> 46150 | H146: =G146-D146 -> 946 | I146: =IF(H146>F146,"Tidak","Garansi") -> Tidak
A147: 145 | B147: Domo Flex 2 | C147: 230169 | D147: 45210 | E147: Darminto (Eko) / Felicia Nata | F147: 365 | G147: =TODAY() -> 46150 | H147: =G147-D147 -> 940 | I147: =IF(H147>F147,"Tidak","Garansi") -> Tidak
A148: 146 | B148: Stairlift | C148: Kanan | D148: 45212 | E148: Paulus SIA | F148: 365 | G148: =TODAY() -> 46150 | H148: =G148-D148 -> 938 | I148: =IF(H148>F148,"Tidak","Garansi") -> Tidak
A149: 147 | B149: Stairlift | C149: Kiri | D149: 45213 | E149: Christian Bisara | F149: 365 | G149: =TODAY() -> 46150 | H149: =G149-D149 -> 937 | I149: =IF(H149>F149,"Tidak","Garansi") -> Tidak
A150: 148 | B150: Domo Flex 2 | C150: 2023/0430 | D150: 45217 | E150: Intan Cristina Chen | F150: 365 | G150: =TODAY() -> 46150 | H150: =G150-D150 -> 933 | I150: =IF(H150>F150,"Tidak","Garansi") -> Tidak
A151: 149 | B151: Pve 37 midio | C151: PVE | D151: 45223 | E151: PT Andara Buana Mandiri (NOVIAN) | F151: 365 | G151: =TODAY() -> 46150 | H151: =G151-D151 -> 927 | I151: =IF(H151>F151,"Tidak","Garansi") -> Tidak
A152: 150 | B152: Stairlift | C152: Kanan | D152: 45228 | E152: Mulya Darma Wangsa | F152: 365 | G152: =TODAY() -> 46150 | H152: =G152-D152 -> 922 | I152: =IF(H152>F152,"Tidak","Garansi") -> Tidak
A153: 151 | B153: Pve 37 midio | C153: PVE | D153: 45229 | E153: PT Taktik Promo Sukses | F153: 365 | G153: =TODAY() -> 46150 | H153: =G153-D153 -> 921 | I153: =IF(H153>F153,"Tidak","Garansi") -> Tidak
A154: 152 | B154: Domo Flex 2 | C154: 230409 | D154: 45231 | E154: Ahjiannor, Bupati Kal Teng , Barito | F154: 365 | G154: =TODAY() -> 46150 | H154: =G154-D154 -> 919 | I154: =IF(H154>F154,"Tidak","Garansi") -> Tidak
A155: 153 | B155: Indomo Cabin | C155: 2022/493 | D155: 45234 | E155: PT. Alfa Citra Karyatama (Dr. Hanifah) | F155: 365 | G155: =TODAY() -> 46150 | H155: =G155-D155 -> 916 | I155: =IF(H155>F155,"Tidak","Garansi") -> Tidak
A156: 154 | B156: Domo Flex 2 | C156: 230303 | D156: 45235 | E156: Ida Yulidina-Paso | F156: 365 | G156: =TODAY() -> 46150 | H156: =G156-D156 -> 915 | I156: =IF(H156>F156,"Tidak","Garansi") -> Tidak
A157: 155 | B157: Indomo Shaft | C157: 2022/486 | D157: 45241 | E157: PT. Layton Enter Prise (Alicia) | F157: 365 | G157: =TODAY() -> 46150 | H157: =G157-D157 -> 909 | I157: =IF(H157>F157,"Tidak","Garansi") -> Tidak
A158: 156 | B158: Domo Flex 2 | C158: 230342 | D158: 45241 | E158: Elly Lestari - Mangga Besar | F158: 365 | G158: =TODAY() -> 46150 | H158: =G158-D158 -> 909 | I158: =IF(H158>F158,"Tidak","Garansi") -> Tidak
A159: 157 | B159: Indomo Cabin | C159: 230483 | D159: 45245 | E159: Dinas Pekerjaan Umum dan Penataan Ruang Kota Banjarbaru | F159: 365 | G159: =TODAY() -> 46150 | H159: =G159-D159 -> 905 | I159: =IF(H159>F159,"Tidak","Garansi") -> Tidak
A160: 158 | B160: Indomo Shaft | C160: 230484 | D160: 45245 | E160: Dinas Pekerjaan Umum dan Penataan Ruang Kota Banjarbaru | F160: 365 | G160: =TODAY() -> 46150 | H160: =G160-D160 -> 905 | I160: =IF(H160>F160,"Tidak","Garansi") -> Tidak
A161: 159 | B161: Domo Flex 2 | C161: 230052 | D161: 45248 | E161: Susanti Lukman | F161: 365 | G161: =TODAY() -> 46150 | H161: =G161-D161 -> 902 | I161: =IF(H161>F161,"Tidak","Garansi") -> Tidak
A162: 160 | B162: Domo Flex 2 | C162: 2023/0392 | D162: 45251 | E162: Paulo Roberto Tio | F162: 365 | G162: =TODAY() -> 46150 | H162: =G162-D162 -> 899 | I162: =IF(H162>F162,"Tidak","Garansi") -> Tidak
A163: 161 | B163: Stairlift | C163: Solo | D163: 45259 | E163: PT. Sumbersolusindo Hitech (Bpk Hardi) | F163: 365 | G163: =TODAY() -> 46150 | H163: =G163-D163 -> 891 | I163: =IF(H163>F163,"Tidak","Garansi") -> Tidak
A164: 162 | B164: Klasik | C164: 2023/0447 | D164: 45270 | E164: Johannes Dhartanto Wibowo (Erman) | F164: 365 | G164: =TODAY() -> 46150 | H164: =G164-D164 -> 880 | I164: =IF(H164>F164,"Tidak","Garansi") -> Tidak
A165: 163 | B165: Domo Flex 2 | C165: 230340 | D165: 45272 | E165: Elly Lestari -Puncak - 1280x1335-Basement | F165: 365 | G165: =TODAY() -> 46150 | H165: =G165-D165 -> 878 | I165: =IF(H165>F165,"Tidak","Garansi") -> Tidak
A166: 164 | B166: Domo Flex 2 | C166: 230339 | D166: 45272 | E166: Elly Lestari - Puncak-1430 x 1335- Meja | F166: 365 | G166: =TODAY() -> 46150 | H166: =G166-D166 -> 878 | I166: =IF(H166>F166,"Tidak","Garansi") -> Tidak
A167: 165 | B167: Domo Flex 2 | C167: 2023/523 | D167: 45272 | E167: PT. Danatama Makmur Sekuritas | F167: 365 | G167: =TODAY() -> 46150 | H167: =G167-D167 -> 878 | I167: =IF(H167>F167,"Tidak","Garansi") -> Tidak
A168: 166 | B168: Stairlift | C168: Stairlift | D168: 45273 | E168: DODANI HASSOMAL KU (Hashu) | F168: 365 | G168: =TODAY() -> 46150 | H168: =G168-D168 -> 877 | I168: =IF(H168>F168,"Tidak","Garansi") -> Tidak
...

Sheet Counting Free
A1: No | B1: Nama Cust | D1: Total Free Awal | E1: Total Kunjungan | F1: Sisa Free | G1: Nama Cust | H1: Total Kunjungan | I1: Kunjungan Ke - | J1: Visit Date | K1: Status | L1: Tech | M1: Report | N1: Note
A2: 1 | B2: Ir. H. Awan Hermawan Purwadinata MT, Bandung | C2: 21/0670 | D2: 2 | E2: =SUMIF($G:$G,B2,$H:$H) -> 0 | F2: =D2-E2 -> 2 | G2: PT. Yolita Plasinto Pratama ( Ida) | H2: 1 | I2: 1 | J2: 45054 | K2: Done | L2: Rifaldi | M2: Ganti Battery
A3: 2 | B3: Syamsuardi Alpat (Sudirman) | C3: 21/0745 | D3: 2 | E3: =SUMIF($G:$G,B3,$H:$H) -> 0 | F3: =D3-E3 -> 2 | G3: PT. Yolita Plasinto Pratama ( Ida) | H3: 1 | I3: 2 | J3: 45386 | K3: - | L3: - | M3: -
A4: 3 | B4: Hendra Dwi Kurniawan | C4: 21/0227 | D4: 2 | E4: =SUMIF($G:$G,B4,$H:$H) -> 2 | F4: =D4-E4 -> 0 | G4: Hendra Dwi Kurniawan | H4: 1 | I4: 1 | J4: 45142
A5: 4 | B5: CV Jawa Indah (Ibu Yuli), Samarinda, Kal-Tim | C5: 21/0258 | D5: 2 | E5: =SUMIF($G:$G,B5,$H:$H) -> 1 | F5: =D5-E5 -> 1 | G5: Hendra Dwi Kurniawan | H5: 1 | I5: 2 | J5: 45255
A6: 5 | B6: PT. Yolita Plasinto Pratama ( Ida) | C6: PVE | D6: 2 | E6: =SUMIF($G:$G,B6,$H:$H) -> 2 | F6: =D6-E6 -> 0 | G6: CV Jawa Indah (Ibu Yuli), Samarinda, Kal-Tim | H6: 1 | I6: 1 | J6: 45176
A7: 6 | B7: CV Pije Peter Cheryl (Andi) | C7: 21/0455 | D7: 2 | E7: =SUMIF($G:$G,B7,$H:$H) -> 2 | F7: =D7-E7 -> 0 | G7: Iskandar 1 | H7: 1 | I7: 1 | J7: 45003
A8: 7 | B8: Esther Indrawati | C8: 21/0542 | D8: 2 | E8: =SUMIF($G:$G,B8,$H:$H) -> 2 | F8: =D8-E8 -> 0 | G8: Iskandar 1 | H8: 1 | I8: 2 | J8: 45097
A9: 8 | B9: PT. Bertie Sukses Makmur (Andi) | C9: 21/0375 | D9: 2 | E9: =SUMIF($G:$G,B9,$H:$H) -> 2 | F9: =D9-E9 -> 0 | G9: Iskandar 2 | H9: 1 | I9: 1 | J9: 45097
A10: 9 | B10: Ir. Pudjo Prihadi Santoso | C10: 21/0676 | D10: 2 | E10: =SUMIF($G:$G,B10,$H:$H) -> 2 | F10: =D10-E10 -> 0 | G10: Howard Kasima | H10: 1 | I10: 1 | J10: 14 Sept 2023
A11: 10 | B11: PT. Dwipar Loka Ayu (Aswin) | C11: 21/0599 | D11: 2 | E11: =SUMIF($G:$G,B11,$H:$H) -> 0 | F11: =D11-E11 -> 2 | G11: Howard Kasima | H11: 1 | I11: 2 | J11: 45492
A12: 11 | B12: Jenny Lie | C12: 21/0638 | D12: 2 | E12: =SUMIF($G:$G,B12,$H:$H) -> 0 | F12: =D12-E12 -> 2 | G12: Frans Andreas | H12: 1 | I12: 1 | J12: 45496
A13: 12 | B13: Herry Gunawan | C13: 21/0538 | D13: 2 | E13: =SUMIF($G:$G,B13,$H:$H) -> 2 | F13: =D13-E13 -> 0 | G13: Fahmuddin Edy Hadi, Yogjakarta | H13: 1 | I13: 1 | J13: 44764
A14: 13 | B14: Drg. Melanie Hendriaty | C14: 21/0570 | D14: 2 | E14: =SUMIF($G:$G,B14,$H:$H) -> 2 | F14: =D14-E14 -> 0 | G14: Fahmuddin Edy Hadi, Yogjakarta | H14: 1 | I14: 2 | J14: 45122
A15: 14 | B15: Iskandar 1 | C15: 21/0256 | D15: 2 | E15: =SUMIF($G:$G,B15,$H:$H) -> 2 | F15: =D15-E15 -> 0 | G15: PT. Bertie Sukses Makmur (Andi) | H15: 1 | I15: 1 | J15: 15 sept 2023
A16: 15 | B16: Thakurdas Pursani W | C16: 21/0740 | D16: 2 | E16: =SUMIF($G:$G,B16,$H:$H) -> 0 | F16: =D16-E16 -> 2 | G16: PT. Bertie Sukses Makmur (Andi) | H16: 1 | I16: 2 | J16: 45267
A17: 16 | B17: PT. Barnaby Kontruksi Sejahtera (Hilda) | C17: 21/0743 | D17: 2 | E17: =SUMIF($G:$G,B17,$H:$H) -> 0 | F17: =D17-E17 -> 2 | G17: CV Pije Peter Cheryl (Andi) | H17: 1 | I17: 1 | J17: 45210
A18: 17 | B18: Andy Indrajaya, ST | C18: 21/0791 | D18: 2 | E18: =SUMIF($G:$G,B18,$H:$H) -> 0 | F18: =D18-E18 -> 2 | G18: CV Pije Peter Cheryl (Andi) | H18: 1 | I18: 2 | J18: 45405
A19: 18 | B19: Fahmuddin Edy Hadi, Yogjakarta | C19: 21/0618 | D19: 2 | E19: =SUMIF($G:$G,B19,$H:$H) -> 2 | F19: =D19-E19 -> 0 | G19: Hasan Dali | H19: 1 | I19: 1 | J19: 44957
A20: 19 | B20: Hasan Dali | C20: 21/0879 | D20: 2 | E20: =SUMIF($G:$G,B20,$H:$H) -> 2 | F20: =D20-E20 -> 0 | G20: Hasan Dali | H20: 1 | I20: 2 | J20: 45303
A21: 20 | B21: Frans Andreas | C21: 21/0374 | D21: 2 | E21: =SUMIF($G:$G,B21,$H:$H) -> 1 | F21: =D21-E21 -> 1 | G21: Herry Gunawan | H21: 1 | I21: 1 | J21: 44945
A22: 21 | B22: Natalina Surjani .S | C22: 21/0916 | D22: 2 | E22: =SUMIF($G:$G,B22,$H:$H) -> 0 | F22: =D22-E22 -> 2 | G22: Herry Gunawan | H22: 1 | I22: 2 | J22: 45523
A23: 22 | B23: Yayasan Karya Kasih Mandiri (Sigit) | C23: 21/0901 | D23: 2 | E23: =SUMIF($G:$G,B23,$H:$H) -> 0 | F23: =D23-E23 -> 2 | G23: Mirza Budiman Diran | H23: 1 | I23: 1 | J23: 44985
A24: 23 | B24: Iskandar 2 | C24: 21/0256 | D24: 2 | E24: =SUMIF($G:$G,B24,$H:$H) -> 1 | F24: =D24-E24 -> 1 | G24: Mirza Budiman Diran | H24: 1 | I24: 2 | J24: 45275
A25: 24 | B25: Mirza Budiman Diran | C25: 21/0534 | D25: 2 | E25: =SUMIF($G:$G,B25,$H:$H) -> 2 | F25: =D25-E25 -> 0 | G25: Irawan Susanto | H25: 1 | I25: 1 | J25: 44939
A26: 25 | B26: PT. Esa Pratama (Hafzah) | C26: 21/0858 | D26: 2 | E26: =SUMIF($G:$G,B26,$H:$H) -> 0 | F26: =D26-E26 -> 2 | G26: Irawan Susanto | H26: 1 | I26: 2 | J26: 45397
A27: 26 | B27: PT Sumberdaya Indonesia (Andi Yusuf - Mangga) | C27: 192 | D27: 2 | E27: =SUMIF($G:$G,B27,$H:$H) -> 0 | F27: =D27-E27 -> 2 | G27: Esther Indrawati | H27: 1 | I27: 1 | J27: 45153
A28: 27 | B28: PT. Semesta Andesit Perkasa (Budi) - PT. Vicindo Jaya Makmur | C28: 21/1066 | D28: 2 | E28: =SUMIF($G:$G,B28,$H:$H) -> 0 | F28: =D28-E28 -> 2 | G28: Esther Indrawati | H28: 1 | I28: 2 | J28: 45499
A29: 28 | B29: Yayasan Perkembangan Anak Indonesia | C29: 21/0903 | D29: 2 | E29: =SUMIF($G:$G,B29,$H:$H) -> 0 | F29: =D29-E29 -> 2 | G29: Suryani | H29: 1 | I29: 1 | J29: 19 Sept 2023
A30: 29 | B30: Abednego Wibowo (Hartono) | C30: 21/1081 | D30: 2 | E30: =SUMIF($G:$G,B30,$H:$H) -> 0 | F30: =D30-E30 -> 2 | G30: Suryani | H30: 1 | I30: 2 | J30: 45378
A31: 30 | B31: M. Dodiek Tas'an Wartono | C31: 21/0994 | D31: 2 | E31: =SUMIF($G:$G,B31,$H:$H) -> 0 | F31: =D31-E31 -> 2 | G31: Felix Claudius Djimin (Greysia/ PT Kreasi Bintang Anugerah) | H31: 1 | I31: 1 | J31: 45153
A32: 31 | B32: Dr. Ketut Ananda W. Sp. OG (Klinik Ananda, Sumba) | C32: 21/0621 | D32: 2 | E32: =SUMIF($G:$G,B32,$H:$H) -> 0 | F32: =D32-E32 -> 2 | G32: Felix Claudius Djimin (Greysia/ PT Kreasi Bintang Anugerah) | H32: 1 | I32: 2 | J32: 45286
A33: 32 | B33: PT. Mitra Niaga Nusatama (Jelly) | C33: 21/0922 | D33: 2 | E33: =SUMIF($G:$G,B33,$H:$H) -> 0 | F33: =D33-E33 -> 2 | G33: Drg. Melanie Hendriaty | H33: 1 | I33: 1 | J33: 44812
A34: 33 | B34: Rajulur Rakhman | C34: 191 | D34: 2 | E34: =SUMIF($G:$G,B34,$H:$H) -> 0 | F34: =D34-E34 -> 2 | G34: Drg. Melanie Hendriaty | H34: 1 | I34: 2 | J34: 45105
A35: 34 | B35: PT. PT Duta Raya Cipta (Gulshan) | C35: 21/0857 | D35: 2 | E35: =SUMIF($G:$G,B35,$H:$H) -> 0 | F35: =D35-E35 -> 2 | G35: Ir. Pudjo Prihadi Santoso | H35: 1 | I35: 1 | J35: 44788
A36: 35 | B36: PT. Multilabindo Wahana (Hidayat) | C36: 21/0877 | D36: 2 | E36: =SUMIF($G:$G,B36,$H:$H) -> 0 | F36: =D36-E36 -> 2 | G36: Ir. Pudjo Prihadi Santoso | H36: 1 | I36: 2 | J36: 44929
A37: 36 | B37: Linda Irawati, Surabaya | C37: 188 | D37: 2 | E37: =SUMIF($G:$G,B37,$H:$H) -> 0 | F37: =D37-E37 -> 2
A38: 37 | B38: Linda Tjahja (Rivai) | C38: 21/1068 | D38: 2 | E38: =SUMIF($G:$G,B38,$H:$H) -> 0 | F38: =D38-E38 -> 2
A39: 38 | B39: PT. Dwi Tunggal Putra (Michael) | C39: 21/0962 | D39: 2 | E39: =SUMIF($G:$G,B39,$H:$H) -> 0 | F39: =D39-E39 -> 2
A40: 39 | B40: Djohan Surya Adinata | C40: 21/1147 | D40: 2 | E40: =SUMIF($G:$G,B40,$H:$H) -> 0 | F40: =D40-E40 -> 2
A41: 40 | B41: Felix Claudius Djimin (Greysia/ PT Kreasi Bintang Anugerah) | C41: 21/0973 | D41: 2 | E41: =SUMIF($G:$G,B41,$H:$H) -> 2 | F41: =D41-E41 -> 0
A42: 41 | B42: Monica Irmawati Koswara | C42: 21/0878 | D42: 2 | E42: =SUMIF($G:$G,B42,$H:$H) -> 0 | F42: =D42-E42 -> 2
A43: 42 | B43: PT. Comfort Aire Aneka Teknik (Edy - Bintaro) | C43: 21/1208 | D43: 2 | E43: =SUMIF($G:$G,B43,$H:$H) -> 0 | F43: =D43-E43 -> 2
A44: 43 | B44: Farida Anwari | C44: 21/0885 | D44: 2 | E44: =SUMIF($G:$G,B44,$H:$H) -> 0 | F44: =D44-E44 -> 2
A45: 44 | B45: Jonatan Christie | C45: 21/0973 | D45: 2 | E45: =SUMIF($G:$G,B45,$H:$H) -> 0 | F45: =D45-E45 -> 2
A46: 45 | B46: Ir. Tjahjono Tjandra | C46: 21/1072 | D46: 2 | E46: =SUMIF($G:$G,B46,$H:$H) -> 0 | F46: =D46-E46 -> 2
A47: 46 | B47: Johan Suhalim | C47: 21/1135 | D47: 2 | E47: =SUMIF($G:$G,B47,$H:$H) -> 0 | F47: =D47-E47 -> 2
A48: 47 | B48: Jessica Ronaldy Tjahja (Sumitra) | C48: 21/1067 | D48: 2 | E48: =SUMIF($G:$G,B48,$H:$H) -> 0 | F48: =D48-E48 -> 2
A49: 48 | B49: Taruna Wirano Lukman (Rully) | C49: 21/1120 | D49: 2 | E49: =SUMIF($G:$G,B49,$H:$H) -> 0 | F49: =D49-E49 -> 2
... A59: 58 | B59: Jico Maradona | C59: 21/0812 | D59: 2 | E59: =SUMIF($G:$G,B59,$H:$H) -> 0 | F59: =D59-E59 -> 2
A60: 59 | B60: Sofian Atmadja Widjaja | C60: 190 | D60: 2 | E60: =SUMIF($G:$G,B60,$H:$H) -> 0 | F60: =D60-E60 -> 2
A61: 60 | B61: Howard Kasima | C61: PVE | D61: 2 | E61: =SUMIF($G:$G,B61,$H:$H) -> 2 | F61: =D61-E61 -> 0
A62: 61 | B62: PT. Wahana Sejahtera Langgeng Makmur ( Howard) | C62: 22/97 | D62: 2 | E62: =SUMIF($G:$G,B62,$H:$H) -> 0 | F62: =D62-E62 -> 2
A63: 62 | B63: Buyung, Surabaya | C63: 22/0074 | D63: 2 | E63: =SUMIF($G:$G,B63,$H:$H) -> 0 | F63: =D63-E63 -> 2
A64: 63 | B64: Ary Indrajanto | C64: 189 | D64: 2 | E64: =SUMIF($G:$G,B64,$H:$H) -> 0 | F64: =D64-E64 -> 2
A65: 64 | B65: PT. Anugerah Aneka Industri (Surja) | C65: 2022/214 | D65: 2 | E65: =SUMIF($G:$G,B65,$H:$H) -> 0 | F65: =D65-E65 -> 2
A66: 65 | B66: Junly Kodradjaya, Surabaya | C66: 21/0886 | D66: 2 | E66: =SUMIF($G:$G,B66,$H:$H) -> 0 | F66: =D66-E66 -> 2
A67: 66 | B67: Machzum Baisa | C67: 21/1226 | D67: 2 | E67: =SUMIF($G:$G,B67,$H:$H) -> 0 | F67: =D67-E67 -> 2
A68: 67 | B68: PT. Citra Sembilansatu ( Sahata Saolan Sirait) | C68: 2022/322 | D68: 2 | E68: =SUMIF($G:$G,B68,$H:$H) -> 0 | F68: =D68-E68 -> 2
A69: 68 | B69: Peter Douglas Simpson | C69: 22/856 | D69: 2 | E69: =SUMIF($G:$G,B69,$H:$H) -> 0 | F69: =D69-E69 -> 2
A70: 69 | B70: Heri Hariawan | C70: 22/322 | D70: 2 | E70: =SUMIF($G:$G,B70,$H:$H) -> 0 | F70: =D70-E70 -> 2
A71: 70 | B71: Suryani | C71: 22/355 | D71: 2 | E71: =SUMIF($G:$G,B71,$H:$H) -> 2 | F71: =D71-E71 -> 0
A72: 71 | B72: Linda Irawati, Surabaya | C72: 188 | D72: 2 | E72: =SUMIF($G:$G,B72,$H:$H) -> 0 | F72: =D72-E72 -> 2
A73: 72 | B73: PT. Borlindo Mandiri Jaya (Hermon) | C73: 22/243 | D73: 2 | E73: =SUMIF($G:$G,B73,$H:$H) -> 0 | F73: =D73-E73 -> 2
A74: 73 | B74: Hendra Surjaputra | C74: 2022/387 | D74: 2 | E74: =SUMIF($G:$G,B74,$H:$H) -> 0 | F74: =D74-E74 -> 2
A75: 74 | B75: Kusnaeny Mardjoeki (Dini), Surabaya | C75: 22/0078 | D75: 2 | E75: =SUMIF($G:$G,B75,$H:$H) -> 0 | F75: =D75-E75 -> 2
A76: 75 | B76: Suwanlia | C76: 2022/473 | D76: 2 | E76: =SUMIF($G:$G,B76,$H:$H) -> 0 | F76: =D76-E76 -> 2
A77: 76 | B77: Sukirman Sutrisno | C77: 2022/480 | D77: 2 | E77: =SUMIF($G:$G,B77,$H:$H) -> 0 | F77: =D77-E77 -> 2
A78: 77 | B78: Ir. Hardy Tanjaya | C78: 2022/504 | D78: 2 | E78: =SUMIF($G:$G,B78,$H:$H) -> 0 | F78: =D78-E78 -> 2
A79: 78 | B79: Yudi Prawira | C79: 22/385 | D79: 2 | E79: =SUMIF($G:$G,B79,$H:$H) -> 0 | F79: =D79-E79 -> 2
A80: 79 | B80: Lesly Irvan | C80: 2022/506 | D80: 2 | E80: =SUMIF($G:$G,B80,$H:$H) -> 0 | F80: =D80-E80 -> 2
A81: 80 | B81: PT Fajar Mitra Krida Abadi - Pak Amir | C81: 2022/137 | D81: 2 | E81: =SUMIF($G:$G,B81,$H:$H) -> 0 | F81: =D81-E81 -> 2
A82: 81 | B82: Harry Yusuf | C82: 2022/605 | D82: 2 | E82: =SUMIF($G:$G,B82,$H:$H) -> 0 | F82: =D82-E82 -> 2
A83: 82 | B83: Gereja bethany Indonesia (Davy Malada), Gresik | C83: 2022/558 | D83: 2 | E83: =SUMIF($G:$G,B83,$H:$H) -> 0 | F83: =D83-E83 -> 2
A84: 83 | B84: Henny Medan | C84: 2022/598 | D84: 2 | E84: =SUMIF($G:$G,B84,$H:$H) -> 0 | F84: =D84-E84 -> 2
... A123: 122 | B123: Syaiful Arifin (Abrian)/ Arnold | C123: 2022/1172 | D123: 2 | E123: =SUMIF($G:$G,B123,$H:$H) -> 0 | F123: =D123-E123 -> 2
A124: 123 | B124: Bintang Jupiter | C124: 230100 | D124: 2 | E124: =SUMIF($G:$G,B124,$H:$H) -> 0 | F124: =D124-E124 -> 2
A125: 124 | B125: Arianto Haris- Medan | C125: 2022/1108 | D125: 2 | E125: =SUMIF($G:$G,B125,$H:$H) -> 0 | F125: =D125-E125 -> 2
A126: 125 | B126: John Marciano- Bali | C126: 2023/14 | D126: 2 | E126: =SUMIF($G:$G,B126,$H:$H) -> 0 | F126: =D126-E126 -> 2
A127: 126 | B127: PT Surya Semesta Permai | C127: 2023/39 | D127: 2 | E127: =SUMIF($G:$G,B127,$H:$H) -> 0 | F127: =D127-E127 -> 2
A128: 127 | B128: Yayasan Onkologi Anak Indonesia | C128: 2300/15 | D128: 2 | E128: =SUMIF($G:$G,B128,$H:$H) -> 0 | F128: =D128-E128 -> 2
A129: 128 | B129: Le Agus Felix | C129: 2022/115 | D129: 2 | E129: =SUMIF($G:$G,B129,$H:$H) -> 0 | F129: =D129-E129 -> 2
A130: 129 | B130: PT. Adimitra prima Lestari (pak Wily) | C130: 2022/1128 | D130: 2 | E130: =SUMIF($G:$G,B130,$H:$H) -> 0 | F130: =D130-E130 -> 2
A131: 130 | B131: Sasunto | C131: 2022/1327 | D131: 2 | E131: =SUMIF($G:$G,B131,$H:$H) -> 0 | F131: =D131-E131 -> 2
A132: 131 | B132: Lie Ly Tedjokoesoemo, Surabaya | C132: 2022/1334 | D132: 2 | E132: =SUMIF($G:$G,B132,$H:$H) -> 0 | F132: =D132-E132 -> 2
A133: 132 | B133: Winarizal | C133: 2023/0176 | D133: 2 | E133: =SUMIF($G:$G,B133,$H:$H) -> 0 | F133: =D133-E133 -> 2
A134: 133 | B134: PT Griya Selaras Pratama -Pondok Pinang-Klinik Rawamangun | C134: 2022/1234 | D134: 2 | E134: =SUMIF($G:$G,B134,$H:$H) -> 0 | F134: =D134-E134 -> 2
A135: 134 | B135: PT. Semangat Mekar Jaya Mandiri-Felix Semarang | C135: 230230 | D135: 2 | E135: =SUMIF($G:$G,B135,$H:$H) -> 0 | F135: =D135-E135 -> 2
A136: 135 | B136: Maikel Effendi - Ivanna | C136: 2022/1046 | D136: 2 | E136: =SUMIF($G:$G,B136,$H:$H) -> 0 | F136: =D136-E136 -> 2
A137: 136 | B137: Wahyu Tri Rahmanto | C137: 2022/1129 | D137: 2 | E137: =SUMIF($G:$G,B137,$H:$H) -> 0 | F137: =D137-E137 -> 2
A138: 137 | B138: Demo Lift | C138: 2022/1080 | D138: 2 | E138: =SUMIF($G:$G,B138,$H:$H) -> 0 | F138: =D138-E138 -> 2
A139: 138 | B139: PT. Mamoru (Wong Sin Yung) | C139: 2022/1053 | D139: 2 | E139: =SUMIF($G:$G,B139,$H:$H) -> 0 | F139: =D139-E139 -> 2
A140: 139 | B140: Perseroan Komanditer Primatio (CV) | C140: 2023/282 | D140: 2 | E140: =SUMIF($G:$G,B140,$H:$H) -> 0 | F140: =D140-E140 -> 2
A141: 140 | B141: Dartomo M Sidik - Depok | C141: 2023/065 | D141: 2 | E141: =SUMIF($G:$G,B141,$H:$H) -> 0 | F141: =D141-E141 -> 2
A142: 141 | B142: Gunawan, Jambi | C142: 230125 | D142: 2 | E142: =SUMIF($G:$G,B142,$H:$H) -> 0 | F142: =D142-E142 -> 2
A143: 142 | B143: Apartemen Senayan Residence | C143: 2022/592 | D143: 2 | E143: =SUMIF($G:$G,B143,$H:$H) -> 0 | F143: =D143-E143 -> 2
A144: 143 | B144: Demo Lift | C144: 2022/1080 | D144: 2 | E144: =SUMIF($G:$G,B144,$H:$H) -> 0 | F144: =D144-E144 -> 2
A145: 144 | B145: Sunarno | C145: PVE | D145: 2 | E145: =SUMIF($G:$G,B145,$H:$H) -> 0 | F145: =D145-E145 -> 2
A146: 145 | B146: Darminto (Eko) / Felicia Nata | C146: 230169 | D146: 2 | E146: =SUMIF($G:$G,B146,$H:$H) -> 0 | F146: =D146-E146 -> 2
A147: 146 | B147: Paulus SIA | C147: Kanan | D147: 2 | E147: =SUMIF($G:$G,B147,$H:$H) -> 0 | F147: =D147-E147 -> 2
...

Sheet Counting Kontrak
A1: No | B1: Nama Cust | C1: Total Kontrak MC | D1: Total Kunjungan | E1: Sisa | F1: Nama Cust | G1: Kunjungan | H1: Kunjungan Ke - | I1: Visit Date | J1: Status | K1: Tech | L1: Report | M1: Note
A2: 1 | B2: Ir. H. Awan Hermawan Purwadinata MT, Bandung | D2: =SUMIF($F:$F,B2,$G:$G) -> 0 | E2: =C2-D2 -> 0 | F2: PT. Yolita Plasinto Pratama ( Ida) | G2: 1 | H2: 1
A3: 2 | B3: Syamsuardi Alpat (Sudirman) | D3: =SUMIF($F:$F,B3,$G:$G) -> 0 | E3: =C3-D3 -> 0 | F3: PT. First Marine Seafoods | G3: 1 | H3: 1
A4: 3 | B4: Hendra Dwi Kurniawan | D4: =SUMIF($F:$F,B4,$G:$G) -> 0 | E4: =C4-D4 -> 0 | F4: PT. First Marine Seafoods | G4: 1 | H4: 2
A5: 4 | B5: CV Jawa Indah (Ibu Yuli), Samarinda, Kal-Tim | D5: =SUMIF($F:$F,B5,$G:$G) -> 0 | E5: =C5-D5 -> 0
A6: 5 | B6: PT. Yolita Plasinto Pratama ( Ida) | C6: 14 | D6: =SUMIF($F:$F,B6,$G:$G) -> 1 | E6: =C6-D6 -> 13
A7: 6 | B7: CV Pije Peter Cheryl (Andi) | D7: =SUMIF($F:$F,B7,$G:$G) -> 0 | E7: =C7-D7 -> 0
A8: 7 | B8: Esther Indrawati | D8: =SUMIF($F:$F,B8,$G:$G) -> 0 | E8: =C8-D8 -> 0
A9: 8 | B9: PT. Bertie Sukses Makmur (Andi) | D9: =SUMIF($F:$F,B9,$G:$G) -> 0 | E9: =C9-D9 -> 0
A10: 9 | B10: Ir. Pudjo Prihadi Santoso | D10: =SUMIF($F:$F,B10,$G:$G) -> 0 | E10: =C10-D10 -> 0
A11: 10 | B11: PT. Dwipar Loka Ayu (Aswin) | D11: =SUMIF($F:$F,B11,$G:$G) -> 0 | E11: =C11-D11 -> 0
A12: 11 | B12: Jenny Lie | D12: =SUMIF($F:$F,B12,$G:$G) -> 0 | E12: =C12-D12 -> 0
A13: 12 | B13: Herry Gunawan | D13: =SUMIF($F:$F,B13,$G:$G) -> 0 | E13: =C13-D13 -> 0
A14: 13 | B14: Drg. Melanie Hendriaty | D14: =SUMIF($F:$F,B14,$G:$G) -> 0 | E14: =C14-D14 -> 0
A15: 14 | B15: Iskandar 1 | D15: =SUMIF($F:$F,B15,$G:$G) -> 0 | E15: =C15-D15 -> 0
A16: 15 | B16: Thakurdas Pursani W | D16: =SUMIF($F:$F,B16,$G:$G) -> 0 | E16: =C16-D16 -> 0
A17: 16 | B17: PT. Barnaby Kontruksi Sejahtera (Hilda) | D17: =SUMIF($F:$F,B17,$G:$G) -> 0 | E17: =C17-D17 -> 0
A18: 17 | B18: Andy Indrajaya, ST | D18: =SUMIF($F:$F,B18,$G:$G) -> 0 | E18: =C18-D18 -> 0
... A209: 208 | B209: Monica Pranata | D209: =SUMIF($F:$F,B209,$G:$G) -> 0 | E209: =C209-D209 -> 0
A210: 209 | B210: PT. First Marine Seafoods | C210: 7 | D210: =SUMIF($F:$F,B210,$G:$G) -> 2 | E210: =C210-D210 -> 5
A211: 210 | B211: Djoko Dermanto | D211: =SUMIF($F:$F,B211,$G:$G) -> 0 | E211: =C211-D211 -> 0
A212: 211 | B212: Andri Pekanbaru | D212: =SUMIF($F:$F,B212,$G:$G) -> 0 | E212: =C212-D212 -> 0
A213: 212 | B213: PT Primaperkasa Intiswadaya (Prayogo) | D213: =SUMIF($F:$F,B213,$G:$G) -> 0 | E213: =C213-D213 -> 0
A214: 213 | B214: PT Rukun Sahabat Senior | D214: =SUMIF($F:$F,B214,$G:$G) -> 0 | E214: =C214-D214 -> 0
A215: 214 | B215: Yesaya Milano - Situbondo | D215: =SUMIF($F:$F,B215,$G:$G) -> 0 | E215: =C215-D215 -> 0
A216: 215 | B216: YESAYA MALINO - Situbondo | D216: =SUMIF($F:$F,B216,$G:$G) -> 0 | E216: =C216-D216 -> 0
A217: 216 | B217: Ida Sofia SH-Gadog | D217: =SUMIF($F:$F,B217,$G:$G) -> 0 | E217: =C217-D217 -> 0
A218: 217 | B218: Dev - Pasar Baru | D218: =SUMIF($F:$F,B218,$G:$G) -> 0 | E218: =C218-D218 -> 0
A219: 218 | B219: PT. Swi Jetty Nusantara-Makassar | D219: =SUMIF($F:$F,B219,$G:$G) -> 0 | E219: =C219-D219 -> 0
A220: 219 | B220: Windri Lestari Rusli | D220: =SUMIF($F:$F,B220,$G:$G) -> 0 | E220: =C220-D220 -> 0
A221: 220 | B221: Mr. Jorge Serrano-Timor Leste | D221: =SUMIF($F:$F,B221,$G:$G) -> 0 | E221: =C221-D221 -> 0
A222: 221 | B222: Yudi Bandung | D222: =SUMIF($F:$F,B222,$G:$G) -> 0 | E222: =C222-D222 -> 0
... A365: 364 | B365: PT. Karya Perdana Baru ( Mandiri Hangtuah ) | D365: =SUMIF($F:$F,B365,$G:$G) -> 0 | E365: =C365-D365 -> 0

Sheet Tgl MC Free
A1: No | B1: Nama Cust | C1: Jenis Lift | D1: Code Lift | E1: Area | F1: BAST | G1: Tgl Maintenance 1 | H1: Status | I1: Tgl Maintenance Ke - 2 | J1: Status | K1: Tgl Maintenance ke -3 | L1: Status | M1: Maintenance Berjalan | O1: 180
A2: 1 | B2: Ir. H. Awan Hermawan Purwadinata MT, Bandung | C2: Domo Flex | D2: 21/0670 | E2: Bandung | F2: 45618 | G2: =F2+$O$1 -> 45798 | I2: =G2+$O$1 -> 45978 | M2: =IF(H2="Done",IF(J2="Done",IF(L2="Done","-",K2),I2),G2) -> 45798
A3: 2 | B3: Syamsuardi Alpat (Sudirman) | C3: Galactic | D3: 21/0745 | E3: Makasar | F3: 45620 | G3: =F3+$O$1 -> 45800 | I3: =G3+$O$1 -> 45980 | M3: =IF(H3="Done",IF(J3="Done",IF(L3="Done","-",K3),I3),G3) -> 45800
A4: 3 | B4: Hendra Dwi Kurniawan | C4: Domo Flex | D4: 21/0227 | E4: Jakarta Utara | F4: 45430 | G4: =F4+$O$1 -> 45610 | I4: =G4+$O$1 -> 45790 | M4: =IF(H4="Done",IF(J4="Done",IF(L4="Done","-",K4),I4),G4) -> 45610
A5: 4 | B5: CV Jawa Indah (Ibu Yuli), Samarinda, Kal-Tim | C5: Indomo Shaft | D5: 21/0258 | E5: Kalimantan Timur | F5: 45176 | G5: =F5+$O$1 -> 45356 | I5: =G5+$O$1 -> 45536 | M5: =IF(H5="Done",IF(J5="Done",IF(L5="Done","-",K5),I5),G5) -> 45356
A6: 5 | B6: PT. Yolita Plasinto Pratama ( Ida) | C6: Pve 37 midio | D6: PVE | E6: Jakarta Utara | F6: 45800 | G6: =F6+$O$1 -> 45980 | I6: =G6+$O$1 -> 46160 | M6: =IF(H6="Done",IF(J6="Done",IF(L6="Done","-",K6),I6),G6) -> 45980
A7: 6 | B7: CV Pije Peter Cheryl (Andi) | C7: Domo Flex | D7: 21/0455 | E7: Jakarta Selatan | F7: 45685 | G7: =F7+$O$1 -> 45865 | I7: =G7+$O$1 -> 46045 | M7: =IF(H7="Done",IF(J7="Done",IF(L7="Done","-",K7),I7),G7) -> 45865
A8: 7 | B8: Esther Indrawati | C8: Domo Flex | D8: 21/0542 | E8: Surabaya | F8: 45499 | G8: =F8+$O$1 -> 45679 | I8: =G8+$O$1 -> 45859 | M8: =IF(H8="Done",IF(J8="Done",IF(L8="Done","-",K8),I8),G8) -> 45679
A9: 8 | B9: PT. Bertie Sukses Makmur (Andi) | C9: Domo Flex | D9: 21/0375 | E9: Jakarta Selatan | F9: 45759 | G9: =F9+$O$1 -> 45939 | I9: =G9+$O$1 -> 46119 | M9: =IF(H9="Done",IF(J9="Done",IF(L9="Done","-",K9),I9),G9) -> 45939
A10: 9 | B10: Ir. Pudjo Prihadi Santoso | C10: Domo Flex | D10: 21/0676 | E10: Jakarta Selatan | F10: 45800 | G10: =F10+$O$1 -> 45980 | I10: =G10+$O$1 -> 46160 | M10: =IF(H10="Done",IF(J10="Done",IF(L10="Done","-",K10),I10),G10) -> 45980
A11: 10 | B11: PT. Dwipar Loka Ayu (Aswin) | C11: Domo Flex | D11: 21/0599 | E11: Jakarta Selatan | F11: 45798 | G11: =F11+$O$1 -> 45978 | I11: =G11+$O$1 -> 46158 | M11: =IF(H11="Done",IF(J11="Done",IF(L11="Done","-",K11),I11),G11) -> 45978
A12: 11 | B12: Jenny Lie | C12: Domo Flex | D12: 21/0638 | E12: Medan | F12: 45736 | G12: =F12+$O$1 -> 45916 | I12: =G12+$O$1 -> 46096 | M12: =IF(H12="Done",IF(J12="Done",IF(L12="Done","-",K12),I12),G12) -> 45916
A13: 12 | B13: Herry Gunawan | C13: Domo Flex | D13: 21/0538 | E13: Jawa Timur | F13: 45776 | G13: =F13+$O$1 -> 45956 | I13: =G13+$O$1 -> 46136 | M13: =IF(H13="Done",IF(J13="Done",IF(L13="Done","-",K13),I13),G13) -> 45956
... A26: 25 | B26: PT. Esa Pratama (Hafzah) | C26: Domo Flex | D26: 21/0858 | E26: Makassar | F26: 45374 | G26: =F26+$O$1 -> 45554 | I26: =G26+$O$1 -> 45734 | M26: =IF(H26="Done",IF(J26="Done",IF(L26="Done","-",K26),I26),G26) -> 45554
A27: 26 | B27: PT Sumberdaya Indonesia (Andi Yusuf - Mangga) | C27: Pve 37 midio | D27: 192 | E27: Jakarta Selatan | G27: =F27+$O$1 -> 180 | I27: =G27+$O$1 -> 360 | M27: =IF(H27="Done",IF(J27="Done",IF(L27="Done","-",K27),I27),G27) -> 180
A28: 27 | B28: PT. Semesta Andesit Perkasa (Budi) - PT. Vicindo Jaya Makmur | C28: Indomo Cabin | D28: 21/1066 | E28: Jakarta Utara | F28: 45800 | G28: =F28+$O$1 -> 45980 | I28: =G28+$O$1 -> 46160 | M28: =IF(H28="Done",IF(J28="Done",IF(L28="Done","-",K28),I28),G28) -> 45980
A29: 28 | B29: Yayasan Perkembangan Anak Indonesia | C29: Domo Flex | D29: 21/0903 | E29: Jakarta Selatan | F29: 45832 | G29: =F29+$O$1 -> 46012 | I29: =G29+$O$1 -> 46192 | M29: =IF(H29="Done",IF(J29="Done",IF(L29="Done","-",K29),I29),G29) -> 46012
A30: 29 | B30: Abednego Wibowo (Hartono) | C30: Domo Flex | D30: 21/1081 | E30: Jakarta Utara | G30: =F30+$O$1 -> 180 | I30: =G30+$O$1 -> 360 | M30: =IF(H30="Done",IF(J30="Done",IF(L30="Done","-",K30),I30),G30) -> 180
A31: 30 | B31: M. Dodiek Tas'an Wartono | C31: Klasik | D31: 21/0994 | E31: Jawa Tengah | F31: 45708 | G31: =F31+$O$1 -> 45888 | I31: =G31+$O$1 -> 46068 | M31: =IF(H31="Done",IF(J31="Done",IF(L31="Done","-",K31),I31),G31) -> 45888
A32: 31 | B32: Dr. Ketut Ananda W. Sp. OG (Klinik Ananda, Sumba) | C32: Indomo Cabin | D32: 21/0621 | E32: NTT | G32: =F32+$O$1 -> 180 | I32: =G32+$O$1 -> 360 | M32: =IF(H32="Done",IF(J32="Done",IF(L32="Done","-",K32),I32),G32) -> 180
A33: 32 | B33: PT. Mitra Niaga Nusatama (Jelly) | C33: Domo Flex 2 | D33: 21/0922 | E33: Jakarta Utara | G33: =F33+$O$1 -> 180 | I33: =G33+$O$1 -> 360 | M33: =IF(H33="Done",IF(J33="Done",IF(L33="Done","-",K33),I33),G33) -> 180
A34: 33 | B34: Rajulur Rakhman | C34: Pve 37 midio | D34: 191 | E34: Jakarta Timur | F34: 45765 | G34: =F34+$O$1 -> 45945 | I34: =G34+$O$1 -> 46125 | M34: =IF(H34="Done",IF(J34="Done",IF(L34="Done","-",K34),I34),G34) -> 45945
A35: 34 | B35: PT. PT Duta Raya Cipta (Gulshan) | C35: Domo Flex | D35: 21/0857 | E35: Puncak | F35: 45229 | G35: =F35+$O$1 -> 45409 | I35: =G35+$O$1 -> 45589 | M35: =IF(H35="Done",IF(J35="Done",IF(L35="Done","-",K35),I35),G35) -> 45409
A36: 35 | B36: PT. Multilabindo Wahana (Hidayat) | C36: Domo Flex | D36: 21/0877 | E36: Jakarta Timur | F36: 45622 | G36: =F36+$O$1 -> 45802 | I36: =G36+$O$1 -> 45982 | M36: =IF(H36="Done",IF(J36="Done",IF(L36="Done","-",K36),I36),G36) -> 45802
A37: 36 | B37: Linda Irawati, Surabaya | C37: Pve 37 midio | D37: 188 | E37: Jawa Timur | F37: 45651 | G37: =F37+$O$1 -> 45831 | I37: =G37+$O$1 -> 46011 | M37: =IF(H37="Done",IF(J37="Done",IF(L37="Done","-",K37),I37),G37) -> 45831
A38: 37 | B38: Linda Tjahja (Rivai) | C38: Klasik | D38: 21/1068 | E38: Jakarta Utara | F38: 45366 | G38: =F38+$O$1 -> 45546 | I38: =G38+$O$1 -> 45726 | M38: =IF(H38="Done",IF(J38="Done",IF(L38="Done","-",K38),I38),G38) -> 45546
A39: 38 | B39: PT. Dwi Tunggal Putra (Michael) | C39: Indomo Shaft | D39: 21/0962 | E39: Depok | F39: 45883 | G39: =F39+$O$1 -> 46063 | I39: =G39+$O$1 -> 46243 | M39: =IF(H39="Done",IF(J39="Done",IF(L39="Done","-",K39),I39),G39) -> 46063
A40: 39 | B40: Djohan Surya Adinata | C40: Klasik | D40: 21/1147 | E40: Bandung | F40: 45766 | G40: =F40+$O$1 -> 45946 | I40: =G40+$O$1 -> 46126 | M40: =IF(H40="Done",IF(J40="Done",IF(L40="Done","-",K40),I40),G40) -> 45946
A41: 40 | B41: Felix Claudius Djimin (Greysia/ PT Kreasi Bintang Anugerah) | C41: Galactic | D41: 21/0973 | E41: Jakarta Pusat | F41: 45499 | G41: =F41+$O$1 -> 45679 | I41: =G41+$O$1 -> 45859 | M41: =IF(H41="Done",IF(J41="Done",IF(L41="Done","-",K41),I41),G41) -> 45679
A42: 41 | B42: Monica Irmawati Koswara | C42: Domo Flex | D42: 21/0878 | E42: Tangerang | F42: 45695 | G42: =F42+$O$1 -> 45875 | I42: =G42+$O$1 -> 46055 | M42: =IF(H42="Done",IF(J42="Done",IF(L42="Done","-",K42),I42),G42) -> 45875
A43: 42 | B43: PT. Comfort Aire Aneka Teknik (Edy - Bintaro) | C43: Klasik | D43: 21/1208 | E43: Jakarta Selatan | F43: 45709 | G43: =F43+$O$1 -> 45889 | I43: =G43+$O$1 -> 46069 | M43: =IF(H43="Done",IF(J43="Done",IF(L43="Done","-",K43),I43),G43) -> 45889
A44: 43 | B44: Farida Anwari | C44: Domo Flex | D44: 21/0885 | E44: Jawa Timur | F44: 45783 | G44: =F44+$O$1 -> 45963 | I44: =G44+$O$1 -> 46143 | M44: =IF(H44="Done",IF(J44="Done",IF(L44="Done","-",K44),I44),G44) -> 45963
A45: 44 | B45: Jonatan Christie | C45: Galactic | D45: 21/0973 | E45: Jakarta Utara | F45: 45499 | G45: =F45+$O$1 -> 45679 | I45: =G45+$O$1 -> 45859 | M45: =IF(H45="Done",IF(J45="Done",IF(L45="Done","-",K45),I45),G45) -> 45679
A46: 45 | B46: Ir. Tjahjono Tjandra | C46: Domo Flex | D46: 21/1072 | E46: Jakarta Utara | F46: 45672 | G46: =F46+$O$1 -> 45852 | I46: =G46+$O$1 -> 46032 | M46: =IF(H46="Done",IF(J46="Done",IF(L46="Done","-",K46),I46),G46) -> 45852
A47: 46 | B47: Johan Suhalim | C47: Domo Flex | D47: 21/1135 | E47: Jakarta Selatan | F47: 44992 | G47: =F47+$O$1 -> 45172 | I47: =G47+$O$1 -> 45352 | M47: =IF(H47="Done",IF(J47="Done",IF(L47="Done","-",K47),I47),G47) -> 45172
A48: 47 | B48: Jessica Ronaldy Tjahja (Sumitra) | C48: Klasik | D48: 21/1067 | E48: Jakarta Utara | F48: 45817 | G48: =F48+$O$1 -> 45997 | I48: =G48+$O$1 -> 46177 | M48: =IF(H48="Done",IF(J48="Done",IF(L48="Done","-",K48),I48),G48) -> 45997
A49: 48 | B49: Taruna Wirano Lukman (Rully) | C49: Stairfit | D49: 21/1120 | E49: Jakarta Barat | F49: 45956 | G49: =F49+$O$1 -> 46136 | I49: =G49+$O$1 -> 46316 | M49: =IF(H49="Done",IF(J49="Done",IF(L49="Done","-",K49),I49),G49) -> 46136
... A51: 50 | B51: Lucas Tetardy | C51: Domo Flex 2 | D51: 21/1313 | E51: Jakarta Utara | F51: 45590 | G51: =F51+$O$1 -> 45770 | I51: =G51+$O$1 -> 45950 | M51: =IF(H51="Done",IF(J51="Done",IF(L51="Done","-",K51),I51),G51) -> 45770
A52: 51 | B52: PT. Hanny Rancangbangun Abadi | C52: Domo Flex | D52: 21/1270 | E52: Jakarta Selatan | G52: =F52+$O$1 -> 180 | I52: =G52+$O$1 -> 360 | M52: =IF(H52="Done",IF(J52="Done",IF(L52="Done","-",K52),I52),G52) -> 180
A53: 52 | B53: PT. Jaya Konstruksi Manggala Pratama Tbk, | C53: Indomo | D53: 22/0071 | E53: Jakarta Pusat | G53: =F53+$O$1 -> 180 | I53: =G53+$O$1 -> 360 | M53: =IF(H53="Done",IF(J53="Done",IF(L53="Done","-",K53),I53),G53) -> 180
A54: 53 | B54: Riswandi (Heri Riswandi)-Kalimantan Selatan | C54: Indomo Shaft | D54: 21/1271 | E54: Kalimantan Selatan | G54: =F54+$O$1 -> 180 | I54: =G54+$O$1 -> 360 | M54: =IF(H54="Done",IF(J54="Done",IF(L54="Done","-",K54),I54),G54) -> 180
A55: 54 | B55: Finiantri Sari MSC (Rieke) | C55: Eco Flex | D55: 22/0008 | E55: Jakarta Selatan | F55: 45518 | G55: =F55+$O$1 -> 45698 | I55: =G55+$O$1 -> 45878 | M55: =IF(H55="Done",IF(J55="Done",IF(L55="Done","-",K55),I55),G55) -> 45698
A56: 55 | B56: Aisyah Zaelani (Nur) | C56: Indomo Cabin | D56: 21/1146 | E56: Jakarta Selatan | G56: =F56+$O$1 -> 180 | I56: =G56+$O$1 -> 360 | M56: =IF(H56="Done",IF(J56="Done",IF(L56="Done","-",K56),I56),G56) -> 180
A57: 56 | B57: Budi Surjono - Surabaya | C57: Domo Flex | D57: 21/1219 | E57: Surabaya | F57: 45777 | G57: =F57+$O$1 -> 45957 | I57: =G57+$O$1 -> 46137 | M57: =IF(H57="Done",IF(J57="Done",IF(L57="Done","-",K57),I57),G57) -> 45957
A58: 57 | B58: Doddi Yoshida | C58: Galactic | D58: 21/0669 | E58: Jakarta Utara | F58: 45612 | G58: =F58+$O$1 -> 45792 | I58: =G58+$O$1 -> 45972 | M58: =IF(H58="Done",IF(J58="Done",IF(L58="Done","-",K58),I58),G58) -> 45792
A59: 58 | B59: Jico Maradona | C59: Indomo Cabin | D59: 21/0812 | E59: Bekasi | F59: 45992 | G59: =F59+$O$1 -> 46172 | I59: =G59+$O$1 -> 46352 | M59: =IF(H59="Done",IF(J59="Done",IF(L59="Done","-",K59),I59),G59) -> 46172
A60: 59 | B60: Sofian Atmadja Widjaja | C60: Pve 37 midio | D60: 190 | E60: Jakarta Selatan | F60: 45358 | G60: =F60+$O$1 -> 45538 | I60: =G60+$O$1 -> 45718 | M60: =IF(H60="Done",IF(J60="Done",IF(L60="Done","-",K60),I60),G60) -> 45538
A61: 60 | B61: Howard Kasima | C61: Pve 37 midio | D61: PVE | E61: Jakarta Utara | F61: 45614 | G61: =F61+$O$1 -> 45794 | I61: =G61+$O$1 -> 45974 | M61: =IF(H61="Done",IF(J61="Done",IF(L61="Done","-",K61),I61),G61) -> 45794
A62: 61 | B62: PT. Wahana Sejahtera Langgeng Makmur ( Howard) | C62: Pve 37 midio | D62: 22/97 | E62: Jakarta Pusat | F62: 45614 | G62: =F62+$O$1 -> 45794 | I62: =G62+$O$1 -> 45974 | M62: =IF(H62="Done",IF(J62="Done",IF(L62="Done","-",K62),I62),G62) -> 45794
A63: 62 | B63: Buyung, Surabaya | C63: Domo Flex 2 | D63: 22/0074 | E63: Surabaya | F63: 45309 | G63: =F63+$O$1 -> 45489 | I63: =G63+$O$1 -> 45669 | M63: =IF(H63="Done",IF(J63="Done",IF(L63="Done","-",K63),I63),G63) -> 45489
A64: 63 | B64: Ary Indrajanto | C64: Pve 30 minio | D64: 189 | E64: Salatiga | F64: 45812 | G64: =F64+$O$1 -> 45992 | I64: =G64+$O$1 -> 46172 | M64: =IF(H64="Done",IF(J64="Done",IF(L64="Done","-",K64),I64),G64) -> 45992
A65: 64 | B65: PT. Anugerah Aneka Industri (Surja) | C65: Domo Flex 2 | D65: 2022/214 | E65: Jakarta Utara | F65: 45541 | G65: =F65+$O$1 -> 45721 | I65: =G65+$O$1 -> 45901 | M65: =IF(H65="Done",IF(J65="Done",IF(L65="Done","-",K65),I65),G65) -> 45721
A66: 65 | B66: Junly Kodradjaya, Surabaya | C66: Domo Flex | D66: 21/0886 | E66: Surabaya | F66: 45739 | G66: =F66+$O$1 -> 45919 | I66: =G66+$O$1 -> 46099 | M66: =IF(H66="Done",IF(J66="Done",IF(L66="Done","-",K66),I66),G66) -> 45919
A67: 66 | B67: Machzum Baisa | C67: Domo Flex 2 | D67: 21/1226 | E67: Jakarta Selatan | G67: =F67+$O$1 -> 180 | I67: =G67+$O$1 -> 360 | M67: =IF(H67="Done",IF(J67="Done",IF(L67="Done","-",K67),I67),G67) -> 180
A68: 67 | B68: PT. Citra Sembilansatu ( Sahata Saolan Sirait) | C68: Domo Flex 2 | D68: 2022/322 | E68: Jakarta Utara | G68: =F68+$O$1 -> 180 | I68: =G68+$O$1 -> 360 | M68: =IF(H68="Done",IF(J68="Done",IF(L68="Done","-",K68),I68),G68) -> 180
A69: 68 | B69: Peter Douglas Simpson | C69: Klasik | D69: 22/856 | E69: Bali | F69: 45809 | G69: =F69+$O$1 -> 45989 | I69: =G69+$O$1 -> 46169 | M69: =IF(H69="Done",IF(J69="Done",IF(L69="Done","-",K69),I69),G69) -> 45989
A70: 69 | B70: Heri Hariawan | C70: Klasik | D70: 22/322 | E70: Bandung | G70: =F70+$O$1 -> 180 | I70: =G70+$O$1 -> 360 | M70: =IF(H70="Done",IF(J70="Done",IF(L70="Done","-",K70),I70),G70) -> 180
A71: 70 | B71: Suryani | C71: Domo Flex | D71: 22/355 | E71: bali | F71: 45449 | G71: =F71+$O$1 -> 45629 | I71: =G71+$O$1 -> 45809 | M71: =IF(H71="Done",IF(J71="Done",IF(L71="Done","-",K71),I71),G71) -> 45629
A72: 71 | B72: Linda Irawati, Surabaya | C72: Domo Flex 2 | D72: 21/1289 | E72: Jawa Timur | F72: 45651 | G72: =F72+$O$1 -> 45831 | I72: =G72+$O$1 -> 46011 | M72: =IF(H72="Done",IF(J72="Done",IF(L72="Done","-",K72),I72),G72) -> 45831
A73: 72 | B73: PT. Borlindo Mandiri Jaya (Hermon) | C73: Domo Flex 2 | D73: 22/243 | E73: Makassar | F73: 45623 | G73: =F73+$O$1 -> 45803 | I73: =G73+$O$1 -> 45983 | M73: =IF(H73="Done",IF(J73="Done",IF(L73="Done","-",K73),I73),G73) -> 45803
A74: 73 | B74: Hendra Surjaputra | C74: Klasik | D74: 2022/387 | E74: Surabaya | G74: =F74+$O$1 -> 180 | I74: =G74+$O$1 -> 360 | M74: =IF(H74="Done",IF(J74="Done",IF(L74="Done","-",K74),I74),G74) -> 180
A75: 74 | B75: Kusnaeny Mardjoeki (Dini), Surabaya | C75: Domo Flex | D75: 22/0078 | E75: Surabaya | F75: 45472 | G75: =F75+$O$1 -> 45652 | I75: =G75+$O$1 -> 45832 | M75: =IF(H75="Done",IF(J75="Done",IF(L75="Done","-",K75),I75),G75) -> 45652
A76: 75 | B76: Suwanlia | C76: Indomo | D76: 2022/473 | E76: Jakarta Barat | F76: 45831 | G76: =F76+$O$1 -> 46011 | I76: =G76+$O$1 -> 46191 | M76: =IF(H76="Done",IF(J76="Done",IF(L76="Done","-",K76),I76),G76) -> 46011
A77: 76 | B77: Sukirman Sutrisno | C77: Galactic | D77: 2022/480 | E77: Jakarta Selatan | F77: 45963 | G77: =F77+$O$1 -> 46143 | I77: =G77+$O$1 -> 46323 | M77: =IF(H77="Done",IF(J77="Done",IF(L77="Done","-",K77),I77),G77) -> 46143
A78: 77 | B78: Ir. Hardy Tanjaya | C78: Indomo Shaft | D78: 2022/504 | E78: Jakarta Barat | F78: 45593 | G78: =F78+$O$1 -> 45773 | I78: =G78+$O$1 -> 45953 | M78: =IF(H78="Done",IF(J78="Done",IF(L78="Done","-",K78),I78),G78) -> 45773
A79: 78 | B79: Yudi Prawira | C79: Klasik | D79: 22/385 | E79: Jakarta Utara | F79: 45625 | G79: =F79+$O$1 -> 45805 | I79: =G79+$O$1 -> 45985 | M79: =IF(H79="Done",IF(J79="Done",IF(L79="Done","-",K79),I79),G79) -> 45805
A80: 79 | B80: Lesly Irvan | C80: Domo Flex 2 | D80: 2022/506 | E80: Jakarta Barat | G80: =F80+$O$1 -> 180 | I80: =G80+$O$1 -> 360 | M80: =IF(H80="Done",IF(J80="Done",IF(L80="Done","-",K80),I80),G80) -> 180
A81: 80 | B81: PT Fajar Mitra Krida Abadi - Pak Amir | C81: DomoFlex 2 | D81: 2022/137 | E81: Jakarta Selatan | G81: =F81+$O$1 -> 180 | I81: =G81+$O$1 -> 360 | M81: =IF(H81="Done",IF(J81="Done",IF(L81="Done","-",K81),I81),G81) -> 180
A82: 81 | B82: Harry Yusuf | C82: Indomo Cabin | D82: 2022/605 | E82: Jakarta Selatan | G82: =F82+$O$1 -> 180 | I82: =G82+$O$1 -> 360 | M82: =IF(H82="Done",IF(J82="Done",IF(L82="Done","-",K82),I82),G82) -> 180
A83: 82 | B83: Gereja bethany Indonesia (Davy Malada), Gresik | C83: Klasik | D83: 2022/558 | E83: Jawa Timur | G83: =F83+$O$1 -> 180 | I83: =G83+$O$1 -> 360 | M83: =IF(H83="Done",IF(J83="Done",IF(L83="Done","-",K83),I83),G83) -> 180
A84: 83 | B84: Henny Medan | C84: Domo Flex 2 | D84: 2022/598 | E84: Medan | G84: =F84+$O$1 -> 180 | I84: =G84+$O$1 -> 360 | M84: =IF(H84="Done",IF(J84="Done",IF(L84="Done","-",K84),I84),G84) -> 180
A85: 84 | B85: PT. Sri Buana Sumber Lestari ( Victor)-Surabaya | C85: Eco Flex | D85: 2022/712 | E85: Surabaya | G85: =F85+$O$1 -> 180 | I85: =G85+$O$1 -> 360 | M85: =IF(H85="Done",IF(J85="Done",IF(L85="Done","-",K85),I85),G85) -> 180
A86: 85 | B86: PT. Samudra Wiwaca Kusuma ( Indah) | C86: Eco Flex | D86: 2022/806 | E86: Jakarta Timur | G86: =F86+$O$1 -> 180 | I86: =G86+$O$1 -> 360 | M86: =IF(H86="Done",IF(J86="Done",IF(L86="Done","-",K86),I86),G86) -> 180
A87: 86 | B87: Mr. Sunata Tjiterosampurno | C87: DomoFlex Outdoor | D87: 2022/945 | E87: Jakarta Selatan | G87: =F87+$O$1 -> 180 | I87: =G87+$O$1 -> 360 | M87: =IF(H87="Done",IF(J87="Done",IF(L87="Done","-",K87),I87),G87) -> 180
A88: 87 | B88: Junial | C88: Klasik | D88: 2022/599 | E88: Jakarta Selatan | G88: =F88+$O$1 -> 180 | I88: =G88+$O$1 -> 360 | M88: =IF(H88="Done",IF(J88="Done",IF(L88="Done","-",K88),I88),G88) -> 180
A89: 88 | B89: Yanti Susanti | C89: Galactic -Indoor | D89: 2022/759 | E89: Cibubur | F89: 45731 | G89: =F89+$O$1 -> 45911 | I89: =G89+$O$1 -> 46091 | M89: =IF(H89="Done",IF(J89="Done",IF(L89="Done","-",K89),I89),G89) -> 45911
A90: 89 | B90: PT. Golden Bird Metro (Kresna) | C90: DomoFlex 2 - Indoor | D90: 2022/749 | E90: Jakarta Selatan | G90: =F90+$O$1 -> 180 | I90: =G90+$O$1 -> 360 | M90: =IF(H90="Done",IF(J90="Done",IF(L90="Done","-",K90),I90),G90) -> 180
A91: 90 | B91: PT. Gemilang Abadi Santoso ( Unit1 ) | C91: Klasik | D91: 2022/973 | E91: Semarang | G91: =F91+$O$1 -> 180 | I91: =G91+$O$1 -> 360 | M91: =IF(H91="Done",IF(J91="Done",IF(L91="Done","-",K91),I91),G91) -> 180
A92: 91 | B92: PT. Gemilang Abadi Santoso ( Unit2 ) | C92: Klasik | D92: 2022/974 | E92: Semarang | G92: =F92+$O$1 -> 180 | I92: =G92+$O$1 -> 360 | M92: =IF(H92="Done",IF(J92="Done",IF(L92="Done","-",K92),I92),G92) -> 180
A93: 92 | B93: Pramudya Winarta (PT Ritme Indah) | C93: DomoFlex 2 | D93: 2022/591 | E93: Jakarta Barat | G93: =F93+$O$1 -> 180 | I93: =G93+$O$1 -> 360 | M93: =IF(H93="Done",IF(J93="Done",IF(L93="Done","-",K93),I93),G93) -> 180
A94: 93 | B94: Suyendi | C94: Domo Flex | D94: 2022/479 | E94: Pekanbaru | F94: 45800 | G94: =F94+$O$1 -> 45980 | I94: =G94+$O$1 -> 46160 | M94: =IF(H94="Done",IF(J94="Done",IF(L94="Done","-",K94),I94),G94) -> 45980
A95: 94 | B95: Handoko Sutjitro Surabaya | C95: Klasik | D95: 21/1311 | E95: Surabaya | F95: 45741 | G95: =F95+$O$1 -> 45921 | I95: =G95+$O$1 -> 46101 | M95: =IF(H95="Done",IF(J95="Done",IF(L95="Done","-",K95),I95),G95) -> 45921
A96: 95 | B96: Then Kon Pin | C96: Stairlift | D96: Stairlift | E96: Jakarta Utara | G96: =F96+$O$1 -> 180 | I96: =G96+$O$1 -> 360 | M96: =IF(H96="Done",IF(J96="Done",IF(L96="Done","-",K96),I96),G96) -> 180
A97: 96 | B97: CV. Crown Hotel-Kalimantan Utara | C97: DomoFlex 2 - Indoor | D97: 2022/822 | E97: Kalimantan Utara | G97: =F97+$O$1 -> 180 | I97: =G97+$O$1 -> 360 | M97: =IF(H97="Done",IF(J97="Done",IF(L97="Done","-",K97),I97),G97) -> 180
A98: 97 | B98: Mr. Daniel Halim | C98: Eco Flex | D98: 2022/946 | E98: Bekasi | G98: =F98+$O$1 -> 180 | I98: =G98+$O$1 -> 360 | M98: =IF(H98="Done",IF(J98="Done",IF(L98="Done","-",K98),I98),G98) -> 180
A99: 98 | B99: PT. Harimas Tunggal Perkasa (Haryanto) | C99: Indomo - Cabin Only | D99: 2022/764 | E99: Puncak | G99: =F99+$O$1 -> 180 | I99: =G99+$O$1 -> 360 | M99: =IF(H99="Done",IF(J99="Done",IF(L99="Done","-",K99),I99),G99) -> 180
A100: 99 | B100: Edward | C100: Domo Flex 2 | D100: 22/107 | E100: Jakarta Utara | F100: 45903 | G100: =F100+$O$1 -> 46083 | I100: =G100+$O$1 -> 46263 | M100: =IF(H100="Done",IF(J100="Done",IF(L100="Done","-",K100),I100),G100) -> 46083
A101: 100 | B101: Mr. Hengky Kasim | C101: Klasik | D101: 2022/957 | E101: Jakarta Barat | G101: =F101+$O$1 -> 180 | I101: =G101+$O$1 -> 360 | M101: =IF(H101="Done",IF(J101="Done",IF(L101="Done","-",K101),I101),G101) -> 180
A102: 101 | B102: Hendra Hermanto, Surabaya | C102: DomoFlex Outdoor | D102: 2022/1121 | E102: Surabaya | G102: =F102+$O$1 -> 180 | I102: =G102+$O$1 -> 360 | M102: =IF(H102="Done",IF(J102="Done",IF(L102="Done","-",K102),I102),G102) -> 180
A103: 102 | B103: Anjar Reksa Permana (Ghani) | C103: Klasik | D103: 2022/1085 | E103: Jakarta Selatan | F103: 45579 | G103: =F103+$O$1 -> 45759 | I103: =G103+$O$1 -> 45939 | M103: =IF(H103="Done",IF(J103="Done",IF(L103="Done","-",K103),I103),G103) -> 45759
A104: 103 | B104: Takdir Mattanete, Surabaya | C104: Domoflex2 - Ecoflex | D104: 2022/1120 | E104: Surabaya | G104: =F104+$O$1 -> 180 | I104: =G104+$O$1 -> 360 | M104: =IF(H104="Done",IF(J104="Done",IF(L104="Done","-",K104),I104),G104) -> 180
A105: 104 | B105: Sugiono | C105: Domo Flex 2 | D105: 2022/961 | E105: Jakarta Timur | F105: 45645 | G105: =F105+$O$1 -> 45825 | I105: =G105+$O$1 -> 46005 | M105: =IF(H105="Done",IF(J105="Done",IF(L105="Done","-",K105),I105),G105) -> 45825
A106: 105 | B106: Alexander Tandra | C106: Domoflex 2 | D106: 2022/689 | E106: Jakarta Utara | G106: =F106+$O$1 -> 180 | I106: =G106+$O$1 -> 360 | M106: =IF(H106="Done",IF(J106="Done",IF(L106="Done","-",K106),I106),G106) -> 180
A107: 106 | B107: PT. BUMI PURNAMA RAYA (Nanang) | C107: Domoflex 2 | D107: 2022/1223 | E107: Yogyakarta | G107: =F107+$O$1 -> 180 | I107: =G107+$O$1 -> 360 | M107: =IF(H107="Done",IF(J107="Done",IF(L107="Done","-",K107),I107),G107) -> 180
A108: 107 | B108: PT Sambas Mineral Mining | C108: PEV | D108: PVE | E108: Jakarta Selatan | G108: =F108+$O$1 -> 180 | I108: =G108+$O$1 -> 360 | M108: =IF(H108="Done",IF(J108="Done",IF(L108="Done","-",K108),I108),G108) -> 180
A109: 108 | B109: Vonny- Loranty Noegroho, Yogjakarta | C109: Indomo Cabin | D109: 2022/1267 | E109: Yogyakarta | G109: =F109+$O$1 -> 180 | I109: =G109+$O$1 -> 360 | M109: =IF(H109="Done",IF(J109="Done",IF(L109="Done","-",K109),I109),G109) -> 180
A110: 109 | B110: Suyoto- Kebumen | C110: DomoFlex2 | D110: 2022/1318 | E110: Jawa Tengah | G110: =F110+$O$1 -> 180 | I110: =G110+$O$1 -> 360 | M110: =IF(H110="Done",IF(J110="Done",IF(L110="Done","-",K110),I110),G110) -> 180
A111: 110 | B111: Herman Mintardja | C111: Indomo Cabin | D111: 2022/1327 | E111: Tangerang | G111: =F111+$O$1 -> 180 | I111: =G111+$O$1 -> 360 | M111: =IF(H111="Done",IF(J111="Done",IF(L111="Done","-",K111),I111),G111) -> 180
A112: 111 | B112: Liza Anita Sumarsono,Sonnie Pondok Kopi | C112: Pve 37 midio | D112: PVE | E112: Jakarta | G112: =F112+$O$1 -> 180 | I112: =G112+$O$1 -> 360 | M112: =IF(H112="Done",IF(J112="Done",IF(L112="Done","-",K112),I112),G112) -> 180
A113: 112 | B113: PT. Bintang Surya Sejati Sukses/ Budi | C113: Pve 37 midio | D113: PVE | E113: Jakarta Utara | G113: =F113+$O$1 -> 180 | I113: =G113+$O$1 -> 360 | M113: =IF(H113="Done",IF(J113="Done",IF(L113="Done","-",K113),I113),G113) -> 180
...

Sheet Data New Kontrak
A1: No | B1: Lift Number | C1: Site Reference (Project Name - Client Name) | D1: Type | E1: Residential/ Commercial | F1: Indoor/Outdoor | G1: Stops | H1: Project Location | I1: Code Lift | J1: BAST | K1: Visit1 | L1: Ket | M1: Vis2
A2: 1 | B2: PVE | C2: PT. Yolita Plasinto Pratama ( Ida) | D2: Pve 37 midio | E2: Residential | F2: Indoor | G2: 2 | H2: Jl. Boulevard Utara Raya Ruko QJ5 no. 27. Kelapa Gading. Jakarta Utara
A3: 2 | B3: 21/0227 | C3: Hendra Dwi Kurniawan | D3: Domo Flex | E3: Residential | F3: Indoor | G3: 4 | H3: Komplek Imperial Gading Blok F2 no.21, Kelapa Gading, Jakarta Utara
A4: 3 | B4: 21/0258 | C4: CV Jawa Indah (Ibu Yuli), Samarinda, Kal-Tim | D4: Indomo Shaft | E4: Commercial | F4: Indoor | G4: 4 | H4: UD. Jawa Indah Jl. Panglima Batur No. 43-46 RT. 008, Pasar Pagi, Samarinda, Kal-Tim
A5: 4 | B5: 21/0256 | C5: Iskandar | D5: Domo Flex | E5: Residential | F5: Outdoor | G5: 4 | H5: Jl. Pantai Indah Utara 3 UT/S. 12-20 RT/RW 010/007, Muara Karang, Penjaringan, Jak-Ut
A6: 5 | B6: 21/0257 | C6: Iskandar | D6: Domo Flex | E6: No | F6: Indoor | G6: 4 | H6: Ruko Mangga Dua Square Blok B 22-23. Jl Gunung Sahari Raya, Mangga Dua Selatan, Ancol, Kec. Pademangan, Jakarta Utara
A7: 6 | B7: PVE | C7: Howard Kasima | D7: Pve 37 midio | E7: Office | F7: Indoor | G7: 4 | H7: Kirana Boutique. Jl. Kirana Avenue 2 Blok C-1 No.3. Kelapa Gading Timur, Jak-Ut
A8: 7 | B8: 21/0374 | C8: Frans Andreas | D8: Domo Flex | E8: Residential | F8: Indoor | G8: 3 | H8: Jl. Budi Indah No.38, Ledeng, Kec. Cidadap, Kota Bandung, Jawa Barat 40143
A9: 8 | B9: 21/0618 | C9: Fahmuddin Edy Hadi, Yogjakarta | D9: Indomo Shaft | E9: Commercial | F9: Indoor | G9: 4 | H9: Palagan Huis. Yogyakarta Karang Moko, Sariharjo, Kec. Ngaglik Sleman, Yogyakarta 55581
A10: 9 | B10: 21/0375 | C10: PT. Bertie Sukses Makmur (Andi) | D10: Domo Flex | E10: Residential | F10: Indoor | G10: 3 | H10: Jl. Tebet Barat Dalam VII no. 16
A11: 10 | B11: 21/0455 | C11: CV Pije Peter Cheryl (dr Cissie) | D11: Domo Flex | E11: Residential | F11: Indoor | G11: 2 | H11: Jl. Kebagusan Dalam No 6 RT 08/RW 04, Kebagusan
A12: 11 | B12: 21/0879 | C12: Hasan Dali | D12: Domo Flex | E12: Residential | F12: Indoor | G12: 3 | H12: Jl. Duku Barat I/30, RT 008/RW 007, Tanjung Utara, Grogol Petamburan, Jakarta Barat
A13: 12 | B13: 21/0538 | C13: Herry Gunawan | D13: Domo Flex | E13: Residential | F13: Indoor | G13: 2 | H13: Jl. H.A Salim No. 177. Kota Madiun, Jawa Timur
... A41: 40 | B41: 21/0878 | C41: Monica Irmawati Koswara | D41: Domo Flex | E41: Residential | F41: Indoor | G41: 2 | H41: Jl. Jalan Palm Merah I Blok BH Nomor 12. Bumi Seong Damai Sektor III. Tangerang
A42: 41 | B42: 189 | C42: Ary Indrajanto | D42: Pve 30 minio | E42: Commercial | F42: Indoor | G42: 4 | H42: Hotel PITU Rooms, Jl. Sukowati No. 33. Salatiga
A43: 42 | B43: 21/0903 | C43: Yayasan Perkembangan Anak Indonesia | D43: Domo Flex | E43: Residential | F43: Indoor | G43: 4 | H43: Ruko Kebayoran Square Blok C 15-16. Jl. Boulevard Bintaro Jaya, Pondok Jaya, Pondok Aren
A44: 43 | B44: 2022/479 | C44: Suyendi | D44: Domo Flex | E44: Residential | F44: Indoor | G44: 3 | H44: Perumahan Nirvana Residences (block C3), Jl. Soekarno - Hatta, Delima, Tampan, Kota Pekanbaru, Riau, 28289
A45: 44 | B45: 21/0994 | C45: M. Dodiek Tas'an Wartono | D45: Klasik | E45: Residential | F45: Outdoor | G45: 2 | H45: Jl. Albisindo No. 2 Gedondong, Gondosari, Kec. Gebong, Kudus, Jawa Tengah
A46: 45 | B46: 21/0916 | C46: Natalina Surjani .S | D46: Klasik | E46: Residential | F46: Indoor | G46: 5 | H46: Bukit Trawas Garden Blok A6. Villa Philadelphia. Trawas
A47: 46 | B47: 21/0922 | C47: PT. Mitra Niaga Nusatama (Jelly) | D47: Domo Flex 2 | E47: Commercial | F47: Indoor | G47: 4 | H47: Klinik KARA ESTHETIQUE. Rukan Golf Island Blok C No. 27, Pantai Indah Kapuk, Jakarta Utara
A48: 47 | B48: 2022/486 | C48: PT. Layton Enter Prise (Alicia) | D48: Indomo Shaft | E48: Residential | F48: Indoor | G48: 4 | H48: Jl. Cipete IV no 3 RT02 RW04 Kel. Cipete Selatan, Kec. Cilandak
A49: 48 | B49: 21/0901 | C49: Yayasan Karya Kasih Mandiri (Sigit) | D49: Klasik | E49: Residential | F49: Outdoor | G49: 3 | H49: Pinang Perak II PB 09 Jakarta Selatan
A50: 49 | B50: 2022/857 | C50: Silvi Liswanda | D50: Galactic | E50: Residential | F50: Indoor | G50: 3 | H50: Jln. Taman Duta II no. 22 UG, Pondok Indah, Jakarta Selatan 12310
A51: 50 | B51: 2022/473 | C51: Suwanlia | D51: Indomo | E51: Residential | F51: Indoor | G51: 4 | H51: Jl Hadiah Utama 2G F6/1542, Jelambar, Jakarta Barat
A52: 51 | B52: 2022/480 | C52: Sukirman Sutrisno | D52: Galactic | E52: Residential | F52: Indoor | G52: 3 | H52: Jl. Kekeluargaan II Blok L. 3 No.22, Jakarta Barat
A53: 52 | B53: 21/1135 | C53: Johan Suhalim | D53: Domo Flex | E53: Residential | F53: Indoor | G53: 4 | H53: Jl. Melawai Raya no. 21B, Kebayoran Baru, Jakarta Selatan
A54: 53 | B54: 21/1081 | C54: Abednego Wibowo (Hartono/Ano) | D54: Domo Flex | E54: Residential | F54: Indoor | G54: 3 | H54: Cluster Mozart Signature TMBB No. 86. Pantai Indah Kapuk
... A59: 58 | B59: 21/1068 | C59: Linda Tjahja (Rivai) | D59: Klasik | E59: Residential | F59: Indoor | G59: 3 | H59: Jl. Pelepah Hijau I Blok TG 2 No. 3 Kelapa Gading, Jakarta Utara
A60: 59 | B60: 230637 | C60: Leonard Wilson Lay | D60: Domo Flex 2 | E60: Residential | F60: Indoor | G60: 4 | H60: Jl. Wuluh Blok 5 No.3A, Tomang, Jakarta Barat
A61: 60 | B61: 21/1066 | C61: PT. Semesta Andesit Perkasa (Budi) - PT. Vicindo Jaya Makmur | D61: Indomo Cabin | E61: Commercial | F61: Indoor | G61: 4 | H61: Ruko Emerald Blok UA 23. Jl Boulevard Selatan Summarecon Bekasi RT 004 RW 011, Margo Mulya. Bekasi
A62: 61 | B62: 21/1146 | C62: Aisyah Zaelani (Nur) | D62: Indomo Cabin | E62: Office | F62: Indoor | G62: 4 | H62: Jalan Kweni no. 1, Radio Dalam, Jakarta Selatan
A63: 62 | B63: 22/107 | C63: Edward | D63: Domo Flex 2 | E63: Residential | F63: Indoor | G63: 3 | H63: Serenade Lagoon 7 No. 16 Golf Island, Pantai Indah Kapuk, Jakarta Utara
A64: 63 | B64: 21/1311 | C64: Handoko Sutjitro Surabaya | D64: Klasik | E64: Residential | F64: Indoor | G64: 2 | H64: Villa bukit regensi blok PD7 no 20, pakuwon, Surabaya, Jawa Timur
A65: 64 | B65: 22/244 | C65: Ir. Indra Prameswara, SE | D65: Klasik | E65: Residential | F65: Indoor | G65: 3 | H65: Jl. Masjid Nur No.10, RT05/RW10, Grogol Utara, Kec. Kby. Lama, Kota Jakarta Selatan, Daerah Khusus Ibukota Jakarta 12210
A66: 65 | B66: 2022/961 | C66: Sugiono | D66: Domo Flex 2 | E66: Residential | F66: Indoor | G66: 3 | H66: Jakarta Garden City, River Garden, Cluster Yarra E2-25. Jakarta
A67: 66 | B67: 21/1072 | C67: Ir. Tjahjono Tjandra | D67: Domo Flex | E67: Residential | F67: Outdoor | G67: 4 | H67: Mitra Gading Villa Blok C1/27. Kelapa Gading
A68: 67 | B68: 21/1147 | C68: Djohan Surya Adinata | D68: Klasik | E68: Residential | F68: Outdoor | G68: 4 | H68: jln Bukit Idaman 77, Bandung. Jl. Cipaku Indah XI Cidadap, Bandung City, West Java
A69: 68 | B69: 21/1120 | C69: Taruna Wirano Lukman (Rully) | D69: Stairfit | E69: Residential | F69: Indoor | G69: 5 | H69: Jl. Sawah Lio I no. 42 RT 09 RW 01. Jembatan Lima. Jakarta Barat
A70: 69 | B70: 188 | C70: Linda Irawati, Surabaya | D70: Pve 37 midio | E70: Residential | F70: Indoor | G70: 2 | H70: Bukit Golf M1/2. Citraland RT 01/RW 04. Surabaya. Jawa Timur
A71: 70 | B71: 21/1270 | C71: PT. Hanny Rancangbangun Abadi | D71: Domo Flex | E71: Office | F71: Indoor | G71: 3 | H71: Jl. Bangka Raya No. 11. Jakarta Selatan
A72: 71 | B72: 21/1219 | C72: Budi Surjono - Surabaya | D72: Domo Flex | E72: Residential | F72: Indoor | G72: 4 | H72: Perumahan Graha Famili Blok O No. 319A. Surabaya, Jawa Timur
A73: 72 | B73: 230169 | C73: Darminto (Eko) / Felicia Nata | D73: Domo Flex 2 | E73: Residential | F73: Indoor | G73: 3 | H73: Jl. Boulevard Utara no. 106 Graha Padma, Semarang
A74: 73 | B74: 21/1289 | C74: Linda Irawati, Surabaya | D74: Domo Flex 2 | E74: Residential | F74: Indoor | G74: 2 | H74: VILA LIMA KAYU Jl Wilis Desa Cembor RT. 1 / RW. 1 Kecamatan Pacet Kabupaten Mojokerto
A75: 74 | B75: 21/1208 | C75: PT. Comfort Aire Aneka Teknik (Edy - Bintaro) | D75: Klasik | E75: Residential | F75: Indoor | G75: 3 | H75: PT. Comfort Aire Aneka Teknik - Jl. Raya Cempaka Putih (Jl. Rempoa Raya) No. 3 RW 005. Bintaro. Jakarta Selatan
A76: 75 | B76: 21/1313 | C76: Lucas Tetardy | D76: Domo Flex 2 | E76: Residential | F76: Indoor | G76: 4 | H76: Jalan Royal Orchard Timur IX Blok DK 06. Kelapa Gading Jakarta Utara
A77: 76 | B77: 2022/504 | C77: Ir. Hardy Tanjaya | D77: Indomo Shaft | E77: Residential | F77: Indoor | G77: 3 | H77: Jl. Kembang Ayu I Blok E7 No. 21. Kembangan Selatan. Puri Indah. Jakarta Barat 11610
A78: 77 | B78: 2022/1085 | C78: Anjar Reksa Permana (Ghani) | D78: Klasik | E78: Residential | F78: Indoor | G78: 3 | H78: Jl. Rempoa Permai Housing No. 28. Bintaro. Jakarta Selatan
A79: 78 | B79: 21/1226 | C79: Machzum Baisa | D79: Domo Flex 2 | E79: Residential | F79: Indoor | G79: 4 | H79: Jl. Pancoran Timur Raya No. 18 RT8/RW9. Pancoran. Jakarta Selatan
A80: 79 | B80: 21/1271 | C80: Riswandi (Heri Riswandi)-Kalimantan Selatan | D80: Indomo Shaft | E80: Residential | F80: Indoor | G80: 3 | H80: Jl K.H. Mansyur no 2 RT 13 Kelurahan Angsau, kec. Pelaihari kab. Tanah Laut Kalimantan Selatan
A81: 80 | B81: 2022/1328 | C81: Titik Lestari, Bali | D81: Domo Flex 2 | E81: Residential | F81: Indoor | G81: 3 | H81: Villa Aurora Cemagi, Gg. Kubu Radit No.3, Cemagi, Kec. Mengwi, Kabupaten Badung, Bali 80351
A82: 81 | B82: 190 | C82: Sofian Atmadja Widjaja | D82: Pve 37 midio | E82: Residential | F82: Indoor | G82: 4 | H82: Villa Pondok Indah Blok C 16, Pondok Indah, Jakarta Selatan
A83: 82 | B83: 22/0008 | C83: Finiantri Sari MSC (Rieke) | D83: Eco Flex | E83: Residential | F83: Indoor | G83: 2 | H83: Jl. Taman Patra XII No. 5. Kuningan Timur. Jakarta 12950
A84: 83 | B84: 22/385 | C84: Yudi Prawira | D84: Klasik | E84: Residential | F84: Indoor | G84: 3 | H84: Jl. Gading elok utara 1 blok FE 2 no 12A
A85: 84 | B85: 2022/115 | C85: Le Agus Felix - Felix PIK | D85: Indomo | E85: Residential | F85: Indoor | G85: 4 | H85: Jl. Manyar Permai 6 Blok U5 No. 26. Pantai Indah Kapuk. Jakarta
A86: 85 | B86: 22/972 | C86: Naresh Sunter | D86: Icon Lift | E86: Residential | F86: Indoor | G86: 3 | H86: Jl. Agung Tengah 2 No i5/9A
A87: 86 | B87: 2022/489 | C87: Lucian Lewis | D87: Domo Flex 2 | E87: Residential | F87: Indoor | G87: 3 | H87: Taman Resort Mediterania blok Z3 no. 18. Kelurahan Kapuk Muara. Jakarta
A88: 87 | B88: 2023/0447 | C88: Johannes Dhartanto Wibowo (Erman) | D88: Klasik | E88: Residential | F88: Indoor | G88: 3 | H88: Aristoteles Utara No.27 Gading Serpong
A89: 88 | B89: 230052 | C89: Susanti Lukman | D89: Domo Flex 2 | E89: Residential | F89: Indoor | G89: 3 | H89: Jl. Kelapa Puan Timur VI Blok NB 6 No. 19. Kelapa Gading
A90: 89 | B90: 191 | C90: Rajulur Rakhman | D90: Pve 37 midio | E90: Residential | F90: Indoor | G90: 3 | H90: Jl. Wijaya Kusuma Blok L3 RT.001 RW.009, Duren Sawit, Jakarta Timur
A91: 90 | B91: 22/0071 | C91: PT. Jaya Konstruksi Manggala Pratama Tbk, | D91: Indomo | E91: Commercial | F91: Indoor | G91: 2 | H91: TPU KARET BIVAK
A92: 91 | B92: 22/97 | C92: PT. Wahana Sejahtera Langgeng Makmur ( Howard) | D92: Domo Flex 2 | E92: Residential | F92: Outdoor | G92: 2 | H92: Jl. Merpati 2 No. C 76, RT.3/RW.10, Gn. Sahari Utara, Kecamatan Sawah Besar, Kota Jakarta Pusat, Daerah Khusus Ibukota Jakarta 10720
A93: 92 | B93: 192 | C93: PT Sumberdaya Indonesia (Andi Yusuf - Mangga) | D93: Pve 37 midio | E93: Office | F93: Indoor | G93: 4 | H93: Gedung Graha BUN. Jl. Ciputat Raya No. 7 RT 001. Kebayoran Lama. Jakarta Selatan 12310
A94: 93 | B94: 22/0074 | C94: Buyung, Surabaya | D94: Domo Flex 2 | E94: Residential | F94: Indoor | G94: 2 | H94: Graha Family Blok W No. 9, Pradah Kali Kendal, Dukuh Pakis, Surabaya 60277, Jawa Timur
A95: 94 | B95: 22/243 | C95: PT. Borlindo Mandiri Jaya (Hermon) | D95: Domo Flex 2 | E95: Residential | F95: Indoor | G95: 3 | H95: JL. Jalur Lingkaran Barat, Taman lanrean Indah Kec. Tamalanrea, Kota Makassar
A96: 95 | B96: 2022/472 | C96: Stefanus Yulianto (Evan Malang) | D96: Indomo Indoor | E96: Residential | F96: Indoor | G96: 3 | H96: Jl. Istana Dieng Raya II No.20- 22 Bandulan, Malang
A97: 96 | B97: 2022/506 | C97: Lesly Irvan | D97: Domo Flex 2 | E97: Residential | F97: Indoor | G97: 2 | H97: Jl. Buana Biru Besar blok J-1/3 A, RT 008 RW 009. Kembangan Utara. Jakarta Barat
A98: 97 | B98: 2023/0176 | C98: Winarizal | D98: Domo Flex 2 | E98: Residential | F98: Indoor | G98: 3 | H98: Kota Wisata Cluster Miami Blok SL 5, No. 15. Kota Wisata. Cibubur
A99: 98 | B99: 2022/0302 | C99: PT. Citra Sembilansatu ( Sahata Saolan Sirait) / Roy Sirait / Riris | D99: Domo Flex 2 | E99: Residential | F99: Indoor | G99: 2 | H99: Jl. Kelapa Lilin X Blok NI 8 no. 21, RT 030 RW 012, Kel. Pegangsaan Dua, Kec. Kelapa Gading
A100: 99 | B100: 2022/214 | C100: PT. Anugerah Aneka Industri (Surja PIK) | D100: Domo Flex 2 | E100: Residential | F100: Indoor | G100: 3 | H100: Jalan golf timur 3 no. BLK B1/6, Penjaringan, Jakarta 14470
A101: 100 | B101: 2022/491 | C101: Bertha PT Andal Prima Adhitama Perkasa | D101: Domo Flex 2 | E101: Residential | F101: Indoor | G101: 4 | H101: De Park, Cluster DeCajuputi AD 3 No. 3, BSD, Tangerang
A102: 101 | B102: 2022/571 | C102: Ronny Cahyono (PT Usaha Logistik), Surabaya (Rudy) | D102: Domo Flex 2 | E102: Residential | F102: Indoor | G102: 4 | H102: Jl Dukuh Kupang XXI No.32 Dukuh Pakis Surabaya, Jawa Timur
A103: 102 | B103: 22/322 | C103: Heri Hariawan | D103: Klasik | E103: Residential | F103: Indoor | G103: 4 | H103: Jl. Budisari 1 No.2 RT.03 RW.007, Hegarmanah, Cidadap, Bandung.
A104: 103 | B104: 2022/1046 | C104: Maikel Effendi - Ivanna | D104: Eco Flex | E104: Residential | F104: Indoor | G104: 2 | H104: Jl Tanjung Duren Utara V No. 244, Grogol Petamburan Jakarta Barat
A105: 104 | B105: 2022/712 | C105: PT. Sri Buana Sumber Lestari ( Victor)-Surabaya | D105: Eco Flex | E105: Office | F105: Indoor | G105: 4 | H105: Kanjeran 575, Kalijudan Mulyorejo Kota Surabaya, Jawa Timur 60114
... A107: 106 | B107: 2022/806 | C107: PT. Samudra Wiwaca Kusuma ( Indah Cipayung) | D107: Eco Flex | E107: Residential | F107: Indoor | G107: 3 | H107: Cilangkap Residence, Jl Raya Setu 22A
A108: 107 | B108: 2022/598 | C108: Henny Medan | D108: Domo Flex 2 | E108: Residential | F108: Outdoor | H108: Givency One Blok J6, Medan
A109: 108 | B109: 2022/387 | C109: Hendra Surjaputra | D109: Klasik | E109: Residential | F109: Indoor | G109: 3 | H109: Dharmahusada Indah I Blok M-175 Surabaya Jawa Timur
A110: 109 | B110: 240908 | C110: Charly Sjaiful | D110: Indomo Shaft - Indoor | E110: Residential | F110: Indoor | G110: 4 | H110: Sutera Jingga 1 No. 3, Alam Sutera, Tangerang
A111: 110 | B111: Belum order | C111: PT Metrindo (Silvia) | D111: Flex | E111: Residential | F111: Indoor | G111: 2 | H111: Jln Cipto Mangunkusumo no 85 sebelahnya dealer Honda
A112: 111 | B112: 2022/558 | C112: Gereja bethany Indonesia (Davy Malada), Gresik | D112: Klasik | E112: Commercial | F112: Indoor | G112: 3 | H112: Jl. RA Kartini No.150 RT 001 RW 005 Sidomoro Kebomar, Gresik, Jawa Timur
A113: 112 | B113: 2022/592 | C113: Apartemen Senayan Residence | D113: Indomo Shaft | E113: Commercial | F113: Outdoor | G113: 2 | H113: Jl. Patal Senayan I No.5 RT 009 RW 007 Grogol Utara, Kebayoran lama, Jakarta Selatan
A114: 113 | B114: 2022/591 | C114: Pramudya Winarta (PT Ritme Indah) | D114: DomoFlex 2 | E114: Residential | F114: Indoor | H114: Jl. Buana Biru Besar 1 Blok C1/9, Permata Buana, Jakarta Barat
A115: 114 | B115: 2022/856 | C115: Peter Chandra-Medan | D115: Galactic | E115: Residential | F115: Indoor | G115: 4 | H115: Villa Polonia Garden No.8 P Komplek CBD Polonia, Medan
A116: 115 | B116: 2022/605 | C116: Harry Yusuf | D116: Indomo Cabin | E116: Residential | F116: Indoor | G116: 3 | H116: Jl. Cempaka Lestari I Blok I No.15
A117: 116 | B117: 230633 | C117: Ricky Raymond Tjhie | D117: DomoFlex 2 - All Glass | E117: Residential | F117: Indoor | G117: 3 | H117: Jl. Melody Golf 1 No.27, PIK Golf Island, jakarta Utara
A118: 117 | B118: 2022/689 | C118: Alexander Tandra | D118: Domoflex 2 | E118: Residential | F118: Indoor | H118: Perumahan Springhill tahap 1 blok D7, Jl. Golf View Blok GV No. A5, Kemayoran, Jakarta Utara
A119: 118 | B119: 2022/1223 | C119: PT. BUMI PURNAMA RAYA (Nanang) | D119: Domoflex 2 | E119: Residential | F119: Indoor | G119: 2 | H119: Casa Grande Blok Barcelona Kav 405, Ring Road Utara, Maguwoharjo, Depok-Sleman, DI Yogyakarta 55282
A120: 119 | B120: 2022/599 | C120: Junial | D120: Domoflex 2 | E120: Residential | F120: Indoor | G120: 4 | H120: KOMP P DAN K No.27 A RT 001/004 Kel. LEBAK BULUS Kec. CILANDAK JAKARTA SELATAN 12440
A121: 120 | B121: 2022/1128 | C121: PT. Adimitra prima Lestari (pak Wily) | D121: Domoflex2- felx 3 sisi kaca | E121: Residential | F121: Indoor | G121: 4 | H121: Bukit Gading Raya Blok L-25, Kelapa Gading Brat, Jakarta Utara (Masuknya lewat berbang samping (gerbang barang) nanti bilangnya mau ke rumah pak susilo)
A122: 121 | B122: 2023/831 | C122: Martin Haendra Nata | D122: Klasik | E122: Residential | F122: Indoor | G122: 3 | H122: Kosambi Baru Blok C Ext 1 No.1 Duri Kosambi, Cengkareng, Jakarta Barat 11750
A123: 122 | B123: 2022/749 | C123: PT. Griya Trada (Elias Hariwondo)-Jl. Bangka | D123: Domoflex 2 - Indoor | E123: Residential | F123: Indoor | G123: 3 | H123: Jl Bangka VIII A no.11A, RT.8/RW.11, Pela Mampang, Mampang Prapatan, South Jakarta City, Jakarta
A124: 123 | B124: 2022/759 | C124: Yanti Susanti | D124: Galactic -Indoor | E124: Residential | F124: Indoor | G124: 2 | H124: Cluster orlando Blok RB II No.17 Kota Wisata Cibubur
A125: 124 | B125: 2022/1299 | C125: Suparli | D125: DomoFlex 2 - Indoor | E125: Residential | F125: Indoor | G125: 4 | H125: Jl. Golf ISland ORB 1 No.002, Pantai Indah Kapuk, Jakarta Utara
A126: 125 | B126: 2022/764 | C126: PT. Harimas Tunggal Perkasa (Haryanto Vimala Hills) | D126: Indomo - Cabin Only | E126: Residential | F126: Indoor | G126: 3 | H126: Vimala Hills Cluster Kinabalu NB 05 Jl. Puncak raya, Simpang Gadog Bogor, Jawa Barat
A127: 126 | B127: 2022/749 | C127: PT. Golden Bird Metro (Kresna) | D127: DomoFlex 2 - Indoor | E127: Residential | F127: Indoor | G127: 2 | H127: Jl. Wijaya IV No, 52, RT.3/RW.5, Melawai, Kec. Kebayoran Baru, Jakarta Selatan 12160
A128: 127 | B128: 2022/822 | C128: CV. Crown Hotel-Kalimantan Utara | D128: DomoFlex 2 - Indoor | E128: Commercial | F128: Indoor | G128: 3 | H128: Jl. Kol Soetadji no. 14, RT 006, Tanjung Selor Hilir, Tanjung Selor,Bulungan, Kalimantan Utara 77214
A129: 128 | B129: 230133 | C129: Nancy | D129: Domoflex 2 - Outdoor | E129: Residential | F129: Outdoor | G129: 4 | H129: Perumahan Vila Permata Gading Blok B1 No.18, Kelapa Gading, Tugu Selatan, Koja, Jakarta Utara, Jakarta 14260
A130: 129 | B130: 2022/1108 | C130: Arianto Haris- Medan | D130: Indomo - Cabin Only | E130: Residential | F130: Indoor | G130: 4 | H130: Jalan Tanjung No 6, Cemara Asri Kel.Sampali, Kec. Percal Sei Tuan, Deli Serdang
A131: 130 | B131: 2022/1053 | C131: PT. Mamoru (Wong Sin Yung) | D131: Indomo - Cabin Only | E131: Residential | F131: Indoor | G131: 3 | H131: Jl. Bunga Jasmine No 31, Sentul Bogor ,
A132: 131 | B132: 2022/1127 | C132: Budi Purnomo (Ibu Lolita) | D132: DomoFlex 2 - Flex Indoor | E132: Residential | F132: Indoor | G132: 3 | H132: Jl. Bromo no 1A Semarang Jawa Tengah
...
